	PDB	Uniprot ID	Chain	Covered Residues	Declared_Coverage	Length	Coverage	Resolution (Å)
0	3BT1	P00749	A	132	0.324	431	0.3062645011600928	2.8
1	3BT1	P04004	B	39	0.087	478	0.08158995815899582	2.8
2	3BT1	Q03405	U	280	0.898	335	0.835820895522388	2.8
3	3SGB	P00777	E	184	0.709	299	0.6153846153846154	1.8
4	3SGB	P68390	I	55	0.303	185	0.2972972972972973	1.8
5	1CHO	P00766	E	12	0.053	245	0.04897959183673469	1.8
6	1CHO	P00766	F	130	0.535	245	0.5306122448979592	1.8
7	1CHO	P00766	G	96	0.396	245	0.39183673469387753	1.8
8	1CHO	P68390	I	55	0.303	185	0.2972972972972973	1.8
9	1R0R	P00780	E	273	0.783	379	0.7203166226912929	1.1
10	1R0R	P68390	I	50	0.276	185	0.2702702702702703	1.1
11	1PPF	P08246	E	217	0.908	267	0.8127340823970037	1.8
12	1PPF	P68390	I	55	0.303	185	0.2972972972972973	1.8
13	1A22	P01241	A	190	1.0	217	0.8755760368663594	2.6
14	1A22	P10912	B	237	0.384	638	0.3714733542319749	2.6
15	1DAN	P08709	H	253	0.57	466	0.5429184549356223	2.0
16	1DAN	P08709	L	151	0.341	466	0.3240343347639485	2.0
17	1DAN	P13726	T	79	0.304	295	0.2677966101694915	2.0
18	1DAN	P13726	U	120	0.46	295	0.4067796610169492	2.0
19	1AO7	P04439	A	274	0.806	365	0.7506849315068493	2.6
20	1AO7	P61769	B	98	1.0	119	0.8235294117647058	2.6
21	1AO7	P14079	C	8	0.025	353	0.0226628895184136	2.6
22	1AO7	A0A075B6T6	D	89	0.968	113	0.7876106194690266	2.6
23	1AO7	P01848	D	92	0.664	140	0.6571428571428571	2.6
24	1AO7	P01850	E	128	0.733	176	0.7272727272727273	2.6
25	3S9D	P01563	A	164	1.0	188	0.8723404255319149	1.9999
26	3S9D	P01563	C	164	1.0	188	0.8723404255319149	1.9999
27	3S9D	P48551	B	195	0.401	515	0.3786407766990291	1.9999
28	3S9D	P48551	D	195	0.401	515	0.3786407766990291	1.9999
29	3HFM	P01837	L	106	1.0	107	0.9906542056074766	3.0
30	3HFM	P00698	Y	128	1.0	147	0.8707482993197279	3.0
31	1JTG	P62593	A	262	1.0	286	0.916083916083916	1.73
32	1JTG	P62593	C	262	1.0	286	0.916083916083916	1.73
33	1JTG	P35804	B	164	1.0	201	0.8159203980099502	1.73
34	1JTG	P35804	D	164	1.0	201	0.8159203980099502	1.73
35	1GC1	P01730	C	184	0.427	458	0.4017467248908297	2.5
36	1GC1	P04578	G	44	0.377	856	0.0514018691588785	2.5
37	1GC1	P04578	G	102	0.377	856	0.1191588785046729	2.5
38	1GC1	P04578	G	162	0.377	856	0.18925233644859812	2.5
39	1MHP	P18614	A	191	0.167	1180	0.16186440677966102	2.8
40	1MHP	P18614	B	191	0.167	1180	0.16186440677966102	2.8
41	1OGA	P04439	A	274	0.806	365	0.7506849315068493	1.4
42	1OGA	P61769	B	98	1.0	119	0.8235294117647058	1.4
43	1OGA	P01848	D	91	0.657	140	0.65	1.4
44	1OGA	P01850	E	128	0.733	176	0.7272727272727273	1.4
45	1C4Z	Q05086	A	357	0.409	875	0.408	2.6
46	1C4Z	Q05086	B	357	0.409	875	0.408	2.6
47	1C4Z	Q05086	C	357	0.409	875	0.408	2.6
48	1C4Z	P68036	D	153	1.0	154	0.9935064935064936	2.6
49	1VFB	P01635	A	94	1.0	115	0.8173913043478261	1.8
50	1VFB	P01820	B	95	1.0	115	0.8260869565217391	1.8
51	1VFB	P00698	C	128	1.0	147	0.8707482993197279	1.8
52	1EMV	P13479	A	85	1.0	86	0.9883720930232558	1.7
53	1EMV	P09883	B	132	0.229	582	0.2268041237113402	1.7
54	1BP3	P01241	A	190	1.0	217	0.8755760368663594	2.9
55	1BP3	P16471	B	210	0.353	622	0.33762057877813506	2.9
56	2JEL	P0AA04	P	84	1.0	85	0.9882352941176471	2.5
57	1JRH	P01869	H	96	0.247	393	0.24427480916030533	2.8
58	1JRH	P15260	I	107	0.229	489	0.21881390593047034	2.8
59	1JRH	P01837	L	106	1.0	107	0.9906542056074766	2.8
60	3NGB	Q0ED31	A	79	0.403	857	0.09218203033838973	2.68
61	3NGB	Q0ED31	A	102	0.403	857	0.11901983663943991	2.68
62	3NGB	Q0ED31	A	161	0.403	857	0.18786464410735124	2.68
63	3NGB	Q0ED31	D	79	0.403	857	0.09218203033838973	2.68
64	3NGB	Q0ED31	D	102	0.403	857	0.11901983663943991	2.68
65	3NGB	Q0ED31	D	161	0.403	857	0.18786464410735124	2.68
66	3NGB	Q0ED31	G	79	0.403	857	0.09218203033838973	2.68
67	3NGB	Q0ED31	G	102	0.403	857	0.11901983663943991	2.68
68	3NGB	Q0ED31	G	161	0.403	857	0.18786464410735124	2.68
69	3NGB	Q0ED31	I	79	0.403	857	0.09218203033838973	2.68
70	3NGB	Q0ED31	I	102	0.403	857	0.11901983663943991	2.68
71	3NGB	Q0ED31	I	161	0.403	857	0.18786464410735124	2.68
72	1MI5	P01889	A	276	0.82	362	0.7624309392265194	2.5
73	1MI5	P61769	B	98	1.0	119	0.8235294117647058	2.5
74	1MI5	Q3KST2	C	8	0.01	935	0.008556149732620321	2.5
75	1MI5	P01848	D	88	0.636	140	0.6285714285714286	2.5
76	1MI5	P01850	E	128	0.733	176	0.7272727272727273	2.5
77	1LFD	Q03386	A	86	0.097	895	0.09608938547486033	2.1
78	1LFD	Q03386	C	86	0.097	895	0.09608938547486033	2.1
79	1LFD	P01112	B	166	0.884	189	0.8783068783068783	2.1
80	1LFD	P01112	D	166	0.884	189	0.8783068783068783	2.1
81	4RS1	P04141	A	111	0.882	144	0.7708333333333334	2.68
82	4RS1	P15509	B	280	0.743	400	0.7	2.68
83	1IAR	P05112	A	128	1.0	153	0.8366013071895425	2.3
84	1IAR	P24394	B	206	0.259	825	0.2496969696969697	2.3
85	1JTD	P62593	A	262	1.0	286	0.916083916083916	2.3
86	1JTD	O87916	B	272	0.975	311	0.8745980707395499	2.3
87	3C60	P14434	C	181	0.781	256	0.70703125	3.05
88	3C60	P14434	G	181	0.781	256	0.70703125	3.05
89	3C60	P14483	D	197	0.765	265	0.7433962264150943	3.05
90	3C60	P14483	H	197	0.765	265	0.7433962264150943	3.05
91	3BN9	Q9Y5Y6	A	240	0.282	855	0.2807017543859649	2.173
92	3BN9	Q9Y5Y6	B	240	0.282	855	0.2807017543859649	2.173
93	3BN9	P01857	D	106	0.268	399	0.2656641604010025	2.173
94	3BN9	P01857	F	106	0.268	399	0.2656641604010025	2.173
95	4NKQ	P32927	A	413	0.47	897	0.4604236343366778	3.301
96	4NKQ	P15509	B	287	0.762	400	0.7175	3.301
97	4NKQ	P04141	C	126	1.0	144	0.875	3.301
98	1A4Y	P13489	A	459	0.998	461	0.9956616052060737	2.0
99	1A4Y	P13489	D	459	0.998	461	0.9956616052060737	2.0
100	1A4Y	P03950	B	122	1.0	147	0.8299319727891157	2.0
101	1A4Y	P03950	E	122	1.0	147	0.8299319727891157	2.0
102	1CBW	P00767	A	12	0.053	245	0.04897959183673469	2.6
103	1CBW	P00767	F	12	0.053	245	0.04897959183673469	2.6
104	1CBW	P00766	B	130	0.535	245	0.5306122448979592	2.6
105	1CBW	P00766	C	96	0.396	245	0.39183673469387753	2.6
106	1CBW	P00766	G	130	0.535	245	0.5306122448979592	2.6
107	1CBW	P00766	H	96	0.396	245	0.39183673469387753	2.6
108	1CBW	P00974	D	57	0.734	100	0.57	2.6
109	1CBW	P00974	I	57	0.734	100	0.57	2.6
110	2FTL	P00760	E	222	0.974	246	0.9024390243902439	1.62
111	2FTL	P00974	I	57	0.734	100	0.57	1.62
112	4G0N	P01112	A	165	0.878	189	0.873015873015873	2.45
113	4G0N	P04049	B	77	0.12	648	0.11882716049382716	2.45
114	2NYY	P0DPI1	A	1294	0.999	1296	0.9984567901234568	2.61
115	1BRS	P00648	A	109	0.894	157	0.6942675159235668	2.0
116	1BRS	P00648	B	109	0.894	157	0.6942675159235668	2.0
117	1BRS	P00648	C	109	0.894	157	0.6942675159235668	2.0
118	1BRS	P11540	D	88	0.989	90	0.9777777777777777	2.0
119	1BRS	P11540	E	88	0.989	90	0.9777777777777777	2.0
120	1BRS	P11540	F	88	0.989	90	0.9777777777777777	2.0
121	2WPT	P04482	A	85	1.0	86	0.9883720930232558	1.78
122	2WPT	P09883	B	132	0.229	582	0.2268041237113402	1.78
123	2AK4	P01889	A	275	0.817	362	0.7596685082872928	2.5
124	2AK4	P01889	F	275	0.817	362	0.7596685082872928	2.5
125	2AK4	P01889	K	275	0.817	362	0.7596685082872928	2.5
126	2AK4	P01889	Q	275	0.817	362	0.7596685082872928	2.5
127	2AK4	P61769	B	98	1.0	119	0.8235294117647058	2.5
128	2AK4	P61769	G	98	1.0	119	0.8235294117647058	2.5
129	2AK4	P61769	L	98	1.0	119	0.8235294117647058	2.5
130	2AK4	P61769	R	98	1.0	119	0.8235294117647058	2.5
131	2AK4	P03206	C	12	0.053	245	0.04897959183673469	2.5
132	2AK4	P03206	H	12	0.053	245	0.04897959183673469	2.5
133	2AK4	P03206	M	12	0.053	245	0.04897959183673469	2.5
134	2AK4	P03206	S	12	0.053	245	0.04897959183673469	2.5
135	2AK4	P01848	D	92	0.664	140	0.6571428571428571	2.5
136	2AK4	P01848	I	92	0.664	140	0.6571428571428571	2.5
137	2AK4	P01848	N	92	0.664	140	0.6571428571428571	2.5
138	2AK4	P01848	T	92	0.664	140	0.6571428571428571	2.5
139	2AK4	P01850	E	128	0.733	176	0.7272727272727273	2.5
140	2AK4	P01850	J	128	0.733	176	0.7272727272727273	2.5
141	2AK4	P01850	P	128	0.733	176	0.7272727272727273	2.5
142	2AK4	P01850	U	128	0.733	176	0.7272727272727273	2.5
143	3SE8	Q0ED31	G	443	0.412	857	0.5169194865810969	1.895
144	2G2U	P0AD64	A	264	1.0	286	0.9230769230769231	1.6
145	2G2U	P35804	B	164	1.0	201	0.8159203980099502	1.6
146	3NPS	Q9Y5Y6	A	240	0.282	855	0.2807017543859649	1.5
147	1KTZ	P10600	A	111	0.288	412	0.26941747572815533	2.15
148	1KTZ	P37173	B	121	0.224	567	0.21340388007054673	2.15
149	3SE4	P17181	A	408	0.772	557	0.7324955116696589	3.5001
150	3SE4	P05000	B	173	1.0	195	0.8871794871794871	3.5001
151	3SE4	P48551	C	198	0.407	515	0.3844660194174757	3.5001
152	1EAW	Q9Y5Y6	A	240	0.282	855	0.2807017543859649	2.93
153	1EAW	Q9Y5Y6	C	240	0.282	855	0.2807017543859649	2.93
154	1EAW	P00974	B	57	0.734	100	0.57	2.93
155	1EAW	P00974	D	57	0.734	100	0.57	2.93
156	4P23	P14434	C	178	0.768	256	0.6953125	2.25
157	4P23	P14483	D	2	0.697	265	0.007547169811320755	2.25
158	4P23	P14483	D	188	0.697	265	0.7094339622641509	2.25
159	2BNR	P04439	A	274	0.806	365	0.7506849315068493	1.9
160	2BNR	P61769	B	98	1.0	119	0.8235294117647058	1.9
161	2BNR	P78358	C	8	0.05	180	0.044444444444444446	1.9
162	2BNR	A0A0B4J279	D	91	0.989	112	0.8125	1.9
163	2BNR	P01848	D	88	0.636	140	0.6285714285714286	1.9
164	2BNR	A0A0K0K1A5	E	92	1.0	114	0.8070175438596491	1.9
165	2BNR	P01850	E	128	0.733	176	0.7272727272727273	1.9
166	4P5T	P14434	C	181	0.781	256	0.70703125	3.263
167	4P5T	P14434	G	181	0.781	256	0.70703125	3.263
168	4P5T	P14483	D	194	0.803	265	0.7320754716981132	3.263
169	4P5T	P14483	H	194	0.803	265	0.7320754716981132	3.263
170	4PWX	Q12154	A	352	0.997	354	0.9943502824858758	5.4
171	4PWX	Q12154	B	352	0.997	354	0.9943502824858758	5.4
172	4PWX	Q12125	C	279	0.897	312	0.8942307692307693	5.4
173	4PWX	Q12125	E	279	0.897	312	0.8942307692307693	5.4
174	4PWX	Q12285	D	53	0.255	212	0.25	5.4
175	4PWX	Q12285	F	53	0.255	212	0.25	5.4
176	3SE9	Q0ED31	G	443	0.412	857	0.5169194865810969	2.0
177	1DVF	P01635	A	94	1.0	115	0.8173913043478261	1.9
178	1DVF	P01820	B	95	1.0	115	0.8260869565217391	1.9
179	1DVF	P01646	C	106	0.991	108	0.9814814814814815	1.9
180	1DVF	A0NA69	D	97	0.951	122	0.7950819672131147	1.9
181	3QHY	Q93T42	A	270	0.877	309	0.8737864077669902	2.06
182	3QHY	O87916	B	270	0.968	311	0.8681672025723473	2.06
183	3QIB	P04224	A	190	0.83	255	0.7450980392156863	2.7
184	3QIB	P04230	B	195	0.824	264	0.7386363636363636	2.7
185	3QIB	P01848	C	92	0.664	140	0.6571428571428571	2.7
186	3QIB	P00039	P	11	0.111	108	0.10185185185185185	2.7
187	1DQJ	P01837	A	106	1.0	107	0.9906542056074766	2.0
188	1DQJ	P01865	B	95	0.241	398	0.23869346733668342	2.0
189	1DQJ	P00698	C	128	1.0	147	0.8707482993197279	2.0
190	3SZK	P69905	A	140	0.993	142	0.9859154929577465	3.01
191	3SZK	P69905	D	140	0.993	142	0.9859154929577465	3.01
192	3SZK	P68871	B	145	0.993	147	0.9863945578231292	3.01
193	3SZK	P68871	E	145	0.993	147	0.9863945578231292	3.01
194	3SZK	Q8NW39	C	143	0.168	895	0.15977653631284916	3.01
195	3SZK	Q8NW39	F	143	0.168	895	0.15977653631284916	3.01
196	1B41	P22303	A	538	0.925	614	0.8762214983713354	2.76
197	1B41	P0C1Z0	B	60	1.0	61	0.9836065573770492	2.76
198	1FSS	P04058	A	536	0.95	586	0.9146757679180887	3.0
199	1FSS	P0C1Z0	B	60	1.0	61	0.9836065573770492	3.0
200	1K8R	P01112	A	165	0.878	189	0.873015873015873	3.0
201	1K8R	P28829	B	109	0.167	659	0.165402124430956	3.0
202	2NZ9	P0DPI1	A	1294	0.999	1296	0.9984567901234568	3.79
203	2NZ9	P0DPI1	B	1294	0.999	1296	0.9984567901234568	3.79
204	1FFW	P0AE67	A	127	0.992	129	0.9844961240310077	2.7
205	1FFW	P0AE67	C	127	0.992	129	0.9844961240310077	2.7
206	1FFW	P07363	B	133	0.205	654	0.20336391437308868	2.7
207	1FFW	P07363	D	133	0.205	654	0.20336391437308868	2.7
208	3M62	P54860	A	960	1.0	961	0.9989594172736732	2.4
209	3M62	P32628	B	83	0.211	398	0.20854271356783918	2.4
210	1XD3	P15374	A	229	1.0	230	0.9956521739130435	1.45
211	1XD3	P15374	C	229	1.0	230	0.9956521739130435	1.45
212	1XD3	P0CG48	B	74	0.109	685	0.10802919708029197	1.45
213	1XD3	P0CG48	D	74	0.109	685	0.10802919708029197	1.45
214	1FC2	P38507	C	57	0.123	508	0.11220472440944881	2.8
215	1FC2	P01857	D	222	0.559	399	0.556390977443609	2.8
216	5C6T	P13201	A	611	0.692	907	0.6736493936052922	3.6
217	1Z7X	P13489	W	460	1.0	461	0.9978308026030369	1.95
218	1Z7X	P13489	Y	460	1.0	461	0.9978308026030369	1.95
219	1Z7X	P07998	X	127	1.0	156	0.8141025641025641	1.95
220	1Z7X	P07998	Z	127	1.0	156	0.8141025641025641	1.95
221	3SE3	P17181	A	408	0.772	557	0.7324955116696589	4.0001
222	3SE3	P01563	B	164	1.0	188	0.8723404255319149	4.0001
223	3SE3	P48551	C	198	0.407	515	0.3844660194174757	4.0001
224	1TM1	P00782	E	274	0.781	382	0.7172774869109948	1.7
225	1TM1	Q40059	I	63	0.762	84	0.75	1.7
226	1E50	Q01196	A	133	0.296	453	0.293598233995585	2.6
227	1E50	Q01196	C	133	0.296	453	0.293598233995585	2.6
228	1E50	Q01196	E	133	0.296	453	0.293598233995585	2.6
229	1E50	Q01196	G	133	0.296	453	0.293598233995585	2.6
230	1E50	Q01196	Q	133	0.296	453	0.293598233995585	2.6
231	1E50	Q01196	R	133	0.296	453	0.293598233995585	2.6
232	1E50	Q13951	B	133	0.736	182	0.7307692307692307	2.6
233	1E50	Q13951	D	133	0.736	182	0.7307692307692307	2.6
234	1E50	Q13951	F	133	0.736	182	0.7307692307692307	2.6
235	1E50	Q13951	H	133	0.736	182	0.7307692307692307	2.6
236	1YY9	P00533	A	617	0.521	1210	0.5099173553719009	2.605
237	1AK4	P62937	A	164	1.0	165	0.9939393939393939	2.36
238	1AK4	P62937	B	164	1.0	165	0.9939393939393939	2.36
239	1AK4	P12497	C	144	0.101	1435	0.10034843205574913	2.36
240	1AK4	P12497	D	144	0.101	1435	0.10034843205574913	2.36
241	2J0T	P03956	A	168	0.376	469	0.3582089552238806	2.54
242	2J0T	P03956	B	168	0.376	469	0.3582089552238806	2.54
243	2J0T	P03956	C	168	0.376	469	0.3582089552238806	2.54
244	2J0T	P01033	D	125	0.685	207	0.6038647342995169	2.54
245	2J0T	P01033	E	125	0.685	207	0.6038647342995169	2.54
246	2J0T	P01033	F	125	0.685	207	0.6038647342995169	2.54
247	3QDJ	P04439	A	274	0.806	365	0.7506849315068493	2.3
248	3QDJ	P61769	B	98	1.0	119	0.8235294117647058	2.3
249	3QDJ	P01848	D	88	0.636	140	0.6285714285714286	2.3
250	1C1Y	P62834	A	166	0.908	184	0.9021739130434783	1.9
251	1C1Y	P04049	B	76	0.119	648	0.11728395061728394	1.9
252	5M2O	A0AEF4	A	145	0.071	2071	0.0700144857556736	1.26
253	3QDG	P04439	A	274	0.806	365	0.7506849315068493	2.69
254	3QDG	P61769	B	98	1.0	119	0.8235294117647058	2.69
255	3QDG	P01848	D	88	0.636	140	0.6285714285714286	2.69
256	1KNE	P05205	A	59	0.291	206	0.28640776699029125	2.4
257	1KNE	P02299	P	15	0.118	136	0.11029411764705882	2.4
258	5F4E	Q8IYV9	A	232	0.708	350	0.6628571428571428	2.4
259	5F4E	A6ND01	B	208	0.905	250	0.832	2.4
260	3BK3	P12643	A	113	0.306	396	0.28535353535353536	2.7
261	3BK3	P12643	B	113	0.306	396	0.28535353535353536	2.7
262	3BK3	Q5D734	C	65	0.103	668	0.09730538922155689	2.7
263	3BK3	Q5D734	D	65	0.103	668	0.09730538922155689	2.7
264	1N8Z	P04626	C	606	0.492	1255	0.4828685258964143	2.52
265	4I77	P35225	Z	111	0.918	146	0.7602739726027398	1.9
266	1F47	P0A9A6	A	16	0.044	383	0.04177545691906005	1.95
267	1F47	P77173	B	143	0.439	328	0.43597560975609756	1.95
268	4OZG	P01909	A	182	0.792	254	0.7165354330708661	3.0
269	4OZG	P01909	C	182	0.792	254	0.7165354330708661	3.0
270	4OZG	P01920	B	191	0.838	261	0.7318007662835249	3.0
271	4OZG	P01920	D	191	0.838	261	0.7318007662835249	3.0
272	4OZG	Q2YD82	E	193	0.805	241	0.8008298755186722	3.0
273	4OZG	Q2YD82	G	193	0.805	241	0.8008298755186722	3.0
274	4OZG	P01850	F	128	0.733	176	0.7272727272727273	3.0
275	4OZG	P01850	H	128	0.733	176	0.7272727272727273	3.0
276	4OZG	P04722	I	9	0.037	291	0.030927835051546393	3.0
277	4OZG	P04722	J	9	0.037	291	0.030927835051546393	3.0
278	1GUA	P62834	A	166	0.908	184	0.9021739130434783	2.0
279	1GUA	P04049	B	80	0.125	648	0.12345679012345678	2.0
280	2BDN	P13500	A	75	1.0	99	0.7575757575757576	2.53
281	5XCO	P01116	A	168	0.894	189	0.8888888888888888	1.25
282	3Q8D	P0A7H3	A	241	1.0	242	0.9958677685950413	2.3
283	3Q8D	P0A7H3	B	241	1.0	242	0.9958677685950413	2.3
284	3Q8D	P0AGE0	E	8	0.051	178	0.0449438202247191	2.3
285	3Q8D	P0AGE0	F	8	0.051	178	0.0449438202247191	2.3
286	3EQY	O15151	A	84	0.173	490	0.17142857142857143	1.63
287	3EQY	O15151	B	84	0.173	490	0.17142857142857143	1.63
288	4OFY	B1Q236	A	252	0.355	730	0.3452054794520548	3.3
289	4OFY	B1Q236	B	252	0.355	730	0.3452054794520548	3.3
290	4OFY	B1Q236	C	252	0.355	730	0.3452054794520548	3.3
291	4OFY	Q9U3P2	D	410	0.329	1270	0.3228346456692913	3.3
292	4OFY	Q9U3P2	E	410	0.329	1270	0.3228346456692913	3.3
293	4OFY	Q9U3P2	F	410	0.329	1270	0.3228346456692913	3.3
294	4BFI	Q9ES57	A	202	0.674	326	0.6196319018404908	3.22
295	4BFI	O54901	B	201	0.815	278	0.7230215827338129	3.22
296	1MLC	P01837	A	106	1.0	107	0.9906542056074766	2.5
297	1MLC	P01837	C	106	1.0	107	0.9906542056074766	2.5
298	1MLC	P01868	B	101	0.315	324	0.3117283950617284	2.5
299	1MLC	P01868	D	101	0.315	324	0.3117283950617284	2.5
300	1MLC	P00698	E	128	1.0	147	0.8707482993197279	2.5
301	1MLC	P00698	F	128	1.0	147	0.8707482993197279	2.5
302	3M63	P54860	A	960	1.0	961	0.9989594172736732	2.4
303	3M63	P48510	B	74	0.201	373	0.19839142091152814	2.4
304	3AAA	P13127	A	285	1.0	286	0.9965034965034965	2.2
305	3AAA	P14315	B	276	1.0	277	0.9963898916967509	2.2
306	3AAA	P58546	C	117	1.0	118	0.9915254237288136	2.2
307	3MZG	P01236	A	184	0.93	227	0.8105726872246696	2.1
308	3MZG	P16471	B	209	0.351	622	0.3360128617363344	2.1
309	2SIC	P00782	E	274	0.781	382	0.7172774869109948	1.8
310	2SIC	P01006	I	106	0.947	144	0.7361111111111112	1.8
311	1JCK	P0A0L5	B	238	1.0	266	0.8947368421052632	3.5
312	1JCK	P0A0L5	D	238	1.0	266	0.8947368421052632	3.5
313	3EQS	Q00987	A	84	0.173	491	0.1710794297352342	1.65
314	1BJ1	P15692	V	101	0.258	395	0.25569620253164554	2.4
315	1BJ1	P15692	W	101	0.258	395	0.25569620253164554	2.4
316	1MAH	P21836	A	542	0.931	614	0.8827361563517915	3.2
317	1MAH	P0C1Z0	F	60	1.0	61	0.9836065573770492	3.2
318	1BD2	P04439	A	274	0.806	365	0.7506849315068493	2.5
319	1BD2	P61769	B	98	1.0	119	0.8235294117647058	2.5
320	1BD2	P0C213	C	8	0.025	353	0.0226628895184136	2.5
321	1BD2	P04437	D	90	0.929	119	0.7563025210084033	2.5
322	1BD2	P01848	D	92	0.664	140	0.6571428571428571	2.5
323	1BD2	A0A0K0K1A5	E	94	1.0	114	0.8245614035087719	2.5
324	1BD2	A0A5B9	E	128	0.725	178	0.7191011235955056	2.5
325	1AHW	P01837	A	106	1.0	107	0.9906542056074766	3.0
326	1AHW	P01837	D	106	1.0	107	0.9906542056074766	3.0
327	1AHW	P01868	B	96	0.299	324	0.2962962962962963	3.0
328	1AHW	P01868	E	96	0.299	324	0.2962962962962963	3.0
329	1AHW	P13726	C	218	0.833	295	0.7389830508474576	3.0
330	1AHW	P13726	F	218	0.833	295	0.7389830508474576	3.0
331	4NM8	Q91MA7	A	318	0.58	566	0.5618374558303887	4.0041
332	4NM8	Q91MA7	B	175	0.32	566	0.30918727915194344	4.0041
333	4NM8	Q91MA7	C	318	0.58	566	0.5618374558303887	4.0041
334	4NM8	Q91MA7	D	175	0.32	566	0.30918727915194344	4.0041
335	4NM8	Q91MA7	E	318	0.58	566	0.5618374558303887	4.0041
336	4NM8	Q91MA7	F	175	0.32	566	0.30918727915194344	4.0041
337	4NM8	S6C4S0	H	225	0.875	275	0.8181818181818182	4.0041
338	4NM8	S6C4S0	I	225	0.875	275	0.8181818181818182	4.0041
339	4NM8	S6C4S0	J	225	0.875	275	0.8181818181818182	4.0041
340	4NM8	P01834	L	106	1.0	107	0.9906542056074766	4.0041
341	4NM8	P01834	M	106	1.0	107	0.9906542056074766	4.0041
342	4NM8	P01834	N	106	1.0	107	0.9906542056074766	4.0041
343	3N85	P04626	A	623	0.506	1255	0.4964143426294821	3.2
344	4B0M	P26949	A	135	0.165	833	0.16206482593037214	1.8
345	4B0M	P26948	B	148	1.0	170	0.8705882352941177	1.8
346	4B0M	P26926	M	234	0.987	258	0.9069767441860465	1.8
347	4CPA	P00730	A	306	0.762	419	0.7303102625298329	2.5
348	4CPA	P00730	B	306	0.762	419	0.7303102625298329	2.5
349	4CPA	P01075	I	37	0.974	39	0.9487179487179487	2.5
350	4CPA	P01075	J	37	0.974	39	0.9487179487179487	2.5
351	1FCC	P01857	A	205	0.516	399	0.5137844611528822	3.2
352	1FCC	P01857	B	205	0.516	399	0.5137844611528822	3.2
353	1FCC	P19909	C	55	0.1	593	0.09274873524451939	3.2
354	1FCC	P19909	D	55	0.1	593	0.09274873524451939	3.2
355	5E9D	P04439	A	274	0.806	365	0.7506849315068493	2.51
356	5E9D	P04439	F	274	0.806	365	0.7506849315068493	2.51
357	5E9D	P61769	B	98	1.0	119	0.8235294117647058	2.51
358	5E9D	P61769	G	98	1.0	119	0.8235294117647058	2.51
359	5E9D	Q16655	C	9	0.085	118	0.07627118644067797	2.51
360	5E9D	Q16655	H	9	0.085	118	0.07627118644067797	2.51
361	5E9D	A0A075B6T6	D	90	0.978	113	0.7964601769911505	2.51
362	5E9D	A0A075B6T6	I	90	0.978	113	0.7964601769911505	2.51
363	5E9D	A0A0K0K1A5	E	92	0.978	114	0.8070175438596491	2.51
364	5E9D	A0A0K0K1A5	J	92	0.978	114	0.8070175438596491	2.51
365	4JPK	P04578	A	145	0.141	856	0.169392523364486	2.4
366	4HFK	A0A0H3CIJ2	A	162	1.0	163	0.9938650306748467	2.1
367	4HFK	A0A0H3CIJ2	C	162	1.0	163	0.9938650306748467	2.1
368	4HFK	A0A0H3CIX8	B	98	1.0	117	0.8376068376068376	2.1
369	4HFK	A0A0H3CIX8	D	98	1.0	117	0.8376068376068376	2.1
370	5TAR	P01116	A	184	0.974	189	0.9735449735449735	1.9
371	5TAR	O43924	B	147	0.987	150	0.98	1.9
372	1NMB	P05803	N	469	1.0	470	0.997872340425532	2.2
373	4CVW	O48541	A	481	0.977	904	0.5320796460176991	2.67
374	4CVW	O48541	A	400	0.977	904	0.4424778761061947	2.67
375	4CVW	O48541	B	481	0.977	904	0.5320796460176991	2.67
376	4CVW	O48541	B	400	0.977	904	0.4424778761061947	2.67
377	4CVW	Q2V8X0	C	113	0.927	147	0.7687074829931972	2.67
378	4CVW	Q2V8X0	D	113	0.927	147	0.7687074829931972	2.67
379	5E6P	B2RXS4	A	616	0.338	1842	0.3344191096634093	3.215
380	5E6P	O15085	B	83	0.055	1522	0.054533508541392904	3.215
381	2O3B	P38446	A	239	0.96	274	0.8722627737226277	2.3
382	2O3B	A0ACD6B9A1	B	133	0.993	135	0.9851851851851852	2.3
383	4L3E	P04439	A	274	0.806	365	0.7506849315068493	2.557
384	4L3E	P61769	B	98	1.0	119	0.8235294117647058	2.557
385	4L3E	Q16655	C	9	0.085	118	0.07627118644067797	2.557
386	2AJF	Q9BYF1	A	596	0.758	805	0.7403726708074534	2.9
387	2AJF	Q9BYF1	B	596	0.758	805	0.7403726708074534	2.9
388	2AJF	P59594	E	179	0.145	1255	0.14262948207171314	2.9
389	2AJF	P59594	F	179	0.145	1255	0.14262948207171314	2.9
390	2B0U	P08476	A	115	0.286	426	0.2699530516431925	2.8
391	2B0U	P08476	B	115	0.286	426	0.2699530516431925	2.8
392	2B0U	P19883	C	287	0.914	344	0.8343023255813954	2.8
393	2B0U	P19883	D	287	0.914	344	0.8343023255813954	2.8
394	1GCQ	P62993	A	58	0.272	217	0.2672811059907834	1.68
395	1GCQ	P62993	B	58	0.272	217	0.2672811059907834	1.68
396	1GCQ	P27870	C	65	0.078	845	0.07692307692307693	1.68
397	3SEK	O08689	B	108	0.31	376	0.2872340425531915	2.401
398	3SEK	O95633	C	208	0.882	263	0.7908745247148289	2.401
399	3F1S	Q9UK55	A	384	0.91	444	0.8648648648648649	2.3
400	3F1S	P22891	B	275	0.732	400	0.6875	2.3
401	3HH2	O08689	A	108	0.31	376	0.2872340425531915	2.15
402	3HH2	O08689	B	108	0.31	376	0.2872340425531915	2.15
403	3HH2	P19883	C	287	0.914	344	0.8343023255813954	2.15
404	3HH2	P19883	D	287	0.914	344	0.8343023255813954	2.15
405	3B4V	P08476	A	115	0.286	426	0.2699530516431925	2.48
406	3B4V	P08476	B	115	0.286	426	0.2699530516431925	2.48
407	3B4V	P08476	E	115	0.286	426	0.2699530516431925	2.48
408	3B4V	P08476	F	115	0.286	426	0.2699530516431925	2.48
409	3B4V	O95633	C	236	1.0	263	0.8973384030418251	2.48
410	3B4V	O95633	D	236	1.0	263	0.8973384030418251	2.48
411	3B4V	O95633	G	236	1.0	263	0.8973384030418251	2.48
412	3B4V	O95633	H	236	1.0	263	0.8973384030418251	2.48
413	3BX1	P29600	A	268	1.0	269	0.9962825278810409	1.85
414	3BX1	P29600	B	268	1.0	269	0.9962825278810409	1.85
415	3BX1	P07596	C	180	1.0	203	0.8866995073891626	1.85
416	3BX1	P07596	D	180	1.0	203	0.8866995073891626	1.85
417	4L0P	P29320	A	172	0.18	983	0.17497456765005087	2.26
418	4L0P	P52803	B	139	0.673	228	0.6096491228070176	2.26
419	1E96	P63000	A	190	0.995	192	0.9895833333333334	2.4
420	1E96	P19878	B	202	0.386	526	0.3840304182509506	2.4
421	1ACB	P00766	E	244	1.0	245	0.9959183673469387	2.0
422	1ACB	P01051	I	69	1.0	70	0.9857142857142858	2.0
423	4K71	P02768	A	584	0.99	609	0.9589490968801314	2.4
424	4K71	P02768	D	584	0.99	609	0.9589490968801314	2.4
425	4K71	P55899	B	273	0.801	365	0.7479452054794521	2.4
426	4K71	P55899	E	273	0.801	365	0.7479452054794521	2.4
427	4K71	P61769	C	98	1.0	119	0.8235294117647058	2.4
428	4K71	P61769	F	98	1.0	119	0.8235294117647058	2.4
429	4FTV	P04439	A	274	0.806	365	0.7506849315068493	2.74
430	4FTV	P61769	B	98	1.0	119	0.8235294117647058	2.74
431	4FTV	P0C213	C	8	0.025	353	0.0226628895184136	2.74
432	4JFF	P04439	A	274	0.806	365	0.7506849315068493	2.43
433	4JFF	P61769	B	98	1.0	119	0.8235294117647058	2.43
434	4JFF	Q16655	C	9	0.085	118	0.07627118644067797	2.43
435	4JFF	P01848	D	86	0.621	140	0.6142857142857143	2.43
436	4JFF	P01850	E	128	0.733	176	0.7272727272727273	2.43
437	4X4M	P01857	A	216	0.544	399	0.5413533834586466	3.485
438	4X4M	P01857	B	216	0.544	399	0.5413533834586466	3.485
439	4X4M	P01857	C	216	0.544	399	0.5413533834586466	3.485
440	4X4M	P01857	D	216	0.544	399	0.5413533834586466	3.485
441	4X4M	P12314	E	268	0.749	374	0.7165775401069518	3.485
442	4X4M	P12314	F	268	0.749	374	0.7165775401069518	3.485
443	4JEU	P61765	A	589	0.993	594	0.9915824915824916	3.2
444	4JEU	P32851	B	241	0.84	288	0.8368055555555556	3.2
445	3VR6	Q08636	A	592	1.0	593	0.9983136593591906	2.68
446	3VR6	Q08636	B	592	1.0	593	0.9983136593591906	2.68
447	3VR6	Q08636	C	592	1.0	593	0.9983136593591906	2.68
448	3VR6	Q08637	D	457	1.0	458	0.9978165938864629	2.68
449	3VR6	Q08637	E	457	1.0	458	0.9978165938864629	2.68
450	3VR6	Q08637	F	457	1.0	458	0.9978165938864629	2.68
451	3VR6	P43435	G	209	1.0	210	0.9952380952380953	2.68
452	3VR6	P43455	H	102	1.0	103	0.9902912621359223	2.68
453	1H9D	Q01196	A	133	0.296	453	0.293598233995585	2.6
454	1H9D	Q01196	C	133	0.296	453	0.293598233995585	2.6
455	1H9D	Q13951	B	133	0.736	182	0.7307692307692307	2.6
456	1H9D	Q13951	D	133	0.736	182	0.7307692307692307	2.6
457	1CSE	P00780	E	273	0.783	379	0.7203166226912929	1.2
458	1CSE	P01051	I	69	1.0	70	0.9857142857142858	1.2
459	4YFD	Q64487	A	490	0.26	1912	0.25627615062761505	3.253
460	4YFD	Q61730	B	330	0.602	570	0.5789473684210527	3.253
461	3KBH	Q9BYF1	A	596	0.758	805	0.7403726708074534	3.31
462	3KBH	Q9BYF1	B	596	0.758	805	0.7403726708074534	3.31
463	3KBH	Q9BYF1	C	596	0.758	805	0.7403726708074534	3.31
464	3KBH	Q9BYF1	D	596	0.758	805	0.7403726708074534	3.31
465	3KBH	Q6Q1S2	E	135	0.102	1356	0.09955752212389381	3.31
466	3KBH	Q6Q1S2	F	135	0.102	1356	0.09955752212389381	3.31
467	3KBH	Q6Q1S2	G	135	0.102	1356	0.09955752212389381	3.31
468	3KBH	Q6Q1S2	H	135	0.102	1356	0.09955752212389381	3.31
469	2PCC	P00431	A	293	0.814	361	0.8116343490304709	2.3
470	2PCC	P00431	C	293	0.814	361	0.8116343490304709	2.3
471	2PCC	P00044	B	107	0.991	109	0.981651376146789	2.3
472	2PCC	P00044	D	107	0.991	109	0.981651376146789	2.3
473	2PCB	P00431	A	293	0.814	361	0.8116343490304709	2.8
474	2PCB	P00431	C	293	0.814	361	0.8116343490304709	2.8
475	2PCB	P00004	B	103	0.99	105	0.9809523809523809	2.8
476	1S1Q	Q99816	A	144	0.372	390	0.36923076923076925	2.0
477	1S1Q	Q99816	C	144	0.372	390	0.36923076923076925	2.0
478	1S1Q	P0CG48	B	75	0.111	685	0.10948905109489052	2.0
479	1S1Q	P0CG48	D	75	0.111	685	0.10948905109489052	2.0
480	3SF4	P81274	A	401	0.588	684	0.5862573099415205	2.6
481	3SF4	P81274	B	401	0.588	684	0.5862573099415205	2.6
482	3SF4	P81274	C	401	0.588	684	0.5862573099415205	2.6
483	3SF4	Q1MX18	D	46	0.081	579	0.07944732297063903	2.6
484	3SF4	Q1MX18	E	46	0.081	579	0.07944732297063903	2.6
485	3SF4	Q1MX18	F	46	0.081	579	0.07944732297063903	2.6
486	3UIG	O15392	A	141	1.0	142	0.9929577464788732	2.4
487	3UIG	O15392	B	141	1.0	142	0.9929577464788732	2.4
488	3UIG	P68431	P	14	0.11	136	0.10294117647058823	2.4
489	3UIG	P68431	Q	14	0.11	136	0.10294117647058823	2.4
490	4J2L	P54253	A	126	0.156	815	0.15460122699386503	3.15
491	4J2L	P54253	B	126	0.156	815	0.15460122699386503	3.15
492	4J2L	Q96RK0	C	25	0.01	2517	0.009932459276916964	3.15
493	4J2L	Q96RK0	D	25	0.01	2517	0.009932459276916964	3.15
494	3R9A	P21549	A	391	1.0	392	0.9974489795918368	2.35
495	3R9A	P21549	C	391	1.0	392	0.9974489795918368	2.35
496	3R9A	P50542	B	324	0.509	639	0.5070422535211268	2.35
497	3R9A	P50542	D	324	0.509	639	0.5070422535211268	2.35
498	2KSO	P29317	A	64	0.068	976	0.06557377049180328	
499	2KSO	O15357	B	58	0.047	1258	0.046104928457869634	
500	1SMF	P00760	E	222	0.974	246	0.9024390243902439	2.1
501	1SMF	P01062	I	21	0.306	72	0.2916666666666667	2.1
502	1UUZ	Q9HXB1	A	128	1.0	153	0.8366013071895425	1.8
503	1UUZ	Q9HXB1	B	128	1.0	153	0.8366013071895425	1.8
504	1UUZ	P00698	C	128	1.0	147	0.8707482993197279	1.8
505	1UUZ	P00698	D	128	1.0	147	0.8707482993197279	1.8
506	5K39	Q06853	A	159	0.242	688	0.2311046511627907	1.98
507	5K39	A3DGE8	B	163	0.076	2177	0.07487367937528709	1.98
508	2DVW	Q9Z2X2	A	230	1.0	231	0.9956709956709957	2.3
509	2DVW	P43686	B	81	0.196	418	0.1937799043062201	2.3
510	5CXB	G0SFB5	A	494	1.0	495	0.997979797979798	2.1
511	5CXB	G0SCK6	B	368	0.461	801	0.45942571785268416	2.1
512	4YH7	Q64487	A	1244	0.441	1912	0.6506276150627615	4.4
513	4YH7	P59823	B	333	0.489	695	0.479136690647482	4.4
514	5UFE	P01116	A	165	0.878	189	0.873015873015873	2.302
515	2DSQ	P22692	A	91	0.388	258	0.35271317829457366	2.8
516	2DSQ	P22692	B	91	0.388	258	0.35271317829457366	2.8
517	2DSQ	P05019	C	69	0.402	195	0.35384615384615387	2.8
518	2DSQ	P05019	I	69	0.402	195	0.35384615384615387	2.8
519	2DSQ	P08833	G	93	0.402	259	0.3590733590733591	2.8
520	2DSQ	P08833	H	93	0.402	259	0.3590733590733591	2.8
521	4N8V	P04439	A	273	0.804	365	0.7479452054794521	2.5
522	4N8V	P04439	D	273	0.804	365	0.7479452054794521	2.5
523	4N8V	P61769	B	98	1.0	119	0.8235294117647058	2.5
524	4N8V	P61769	E	98	1.0	119	0.8235294117647058	2.5
525	4N8V	Q76ZQ3	C	8	0.1	90	0.08888888888888889	2.5
526	4N8V	Q76ZQ3	F	8	0.1	90	0.08888888888888889	2.5
527	4N8V	P43631	G	199	0.707	304	0.6546052631578947	2.5
528	4N8V	P43631	I	199	0.707	304	0.6546052631578947	2.5
529	4O27	Q9Y376	A	322	0.947	341	0.9442815249266863	3.185
530	4O27	Q9Y6E0	B	279	0.632	443	0.6297968397291196	3.185
531	4O27	Q9Y6E0	C	4	0.011	443	0.009029345372460496	3.185
532	2BTF	P60712	A	373	0.997	375	0.9946666666666667	2.55
533	2BTF	P02584	P	138	0.993	140	0.9857142857142858	2.55
534	2C5D	Q14393	A	417	0.645	678	0.6150442477876106	3.3
535	2C5D	Q14393	B	417	0.645	678	0.6150442477876106	3.3
536	2C5D	P30530	C	194	0.224	894	0.21700223713646533	3.3
537	2C5D	P30530	D	194	0.224	894	0.21700223713646533	3.3
538	1XGP	P01837	A	106	1.0	107	0.9906542056074766	2.1
539	1XGP	P00698	C	128	1.0	147	0.8707482993197279	2.1
540	3D3V	P04439	A	274	0.806	365	0.7506849315068493	2.8
541	3D3V	P61769	B	98	1.0	119	0.8235294117647058	2.8
542	3D3V	P01850	E	128	0.733	176	0.7272727272727273	2.8
543	1XGU	P01837	A	106	1.0	107	0.9906542056074766	2.1
544	1XGU	P00698	C	128	1.0	147	0.8707482993197279	2.1
545	1XGT	P00698	C	128	1.0	147	0.8707482993197279	2.1
546	1XGR	P00698	C	128	1.0	147	0.8707482993197279	2.1
547	1XGQ	P01837	A	106	1.0	107	0.9906542056074766	2.1
548	1XGQ	P00698	C	128	1.0	147	0.8707482993197279	2.1
549	3LB6	P35225	A	131	1.0	146	0.8972602739726028	3.05
550	3LB6	P35225	B	131	1.0	146	0.8972602739726028	3.05
551	3LB6	Q14627	C	379	1.0	380	0.9973684210526316	3.05
552	3LB6	Q14627	D	379	1.0	380	0.9973684210526316	3.05
553	1WQJ	P22692	B	79	0.338	258	0.3062015503875969	1.6
554	1WQJ	P05019	I	69	0.402	195	0.35384615384615387	1.6
555	3W2D	P01552	A	238	1.0	266	0.8947368421052632	3.1
556	4HRN	P04626	C	96	0.079	1255	0.07649402390438247	2.65
557	4HRN	P04626	D	96	0.079	1255	0.07649402390438247	2.65
558	4FZA	Q9Y376	A	323	0.95	341	0.9472140762463344	3.15
559	4FZA	Q9P289	B	279	0.673	416	0.6706730769230769	3.15
560	1NCA	P01865	H	99	0.251	398	0.24874371859296482	2.5
561	1NCA	P03472	N	388	0.828	470	0.825531914893617	2.5
562	4HSA	Q16552	A	121	0.924	155	0.7806451612903226	3.15
563	4HSA	Q16552	B	121	0.924	155	0.7806451612903226	3.15
564	4HSA	Q16552	D	121	0.924	155	0.7806451612903226	3.15
565	4HSA	Q16552	E	121	0.924	155	0.7806451612903226	3.15
566	4HSA	Q96F46	C	285	0.342	866	0.32909930715935337	3.15
567	4HSA	Q96F46	F	285	0.342	866	0.32909930715935337	3.15
568	4YEB	Q80TS3	A	296	0.196	1537	0.19258295380611581	3.19
569	4YEB	Q8BGT1	B	357	0.576	649	0.5500770416024653	3.19
570	2OOB	Q13191	A	49	0.051	982	0.04989816700610998	1.9
571	2OOB	P0CH28	B	75	0.11	690	0.10869565217391304	1.9
572	2AW2	Q7Z6A9	A	111	0.413	289	0.38408304498269896	2.8
573	2AW2	Q7Z6A9	X	111	0.413	289	0.38408304498269896	2.8
574	2AW2	Q92956	B	103	0.424	283	0.36395759717314485	2.8
575	2AW2	Q92956	Y	103	0.424	283	0.36395759717314485	2.8
576	4GNK	P21279	A	352	0.983	359	0.9805013927576601	4.0
577	4GNK	P21279	C	352	0.983	359	0.9805013927576601	4.0
578	4GNK	Q01970	B	1224	0.993	1234	0.9918962722852512	4.0
579	4GNK	Q01970	D	1224	0.993	1234	0.9918962722852512	4.0
580	4GNK	Q01970	E	258	0.21	1234	0.20907617504051865	4.0
581	3WWN	O50147	A	268	1.0	269	0.9962825278810409	1.85
582	3WWN	Q9ZND7	B	53	1.0	54	0.9814814814814815	1.85
583	1N8O	P00766	A	12	0.053	245	0.04897959183673469	2.0
584	1N8O	P00766	B	130	0.535	245	0.5306122448979592	2.0
585	1N8O	P00766	C	96	0.396	245	0.39183673469387753	2.0
586	1N8O	P23827	E	141	1.0	162	0.8703703703703703	2.0
587	1KBH	Q9Y6Q9	A	46	0.033	1424	0.032303370786516857	
588	1KBH	P45481	B	58	0.024	2441	0.02376075378943056	
589	1LP9	P04439	A	274	0.806	365	0.7506849315068493	2.0
590	1LP9	P04439	H	274	0.806	365	0.7506849315068493	2.0
591	1LP9	P61769	B	98	1.0	119	0.8235294117647058	2.0
592	1LP9	P61769	I	98	1.0	119	0.8235294117647058	2.0
593	1LP9	Q9NPA0	C	8	0.0	242	0.03305785123966942	2.0
594	1LP9	Q9NPA0	J	8	0.0	242	0.03305785123966942	2.0
595	1LP9	P01849	E	78	0.581	136	0.5735294117647058	2.0
596	1LP9	P01849	L	78	0.581	136	0.5735294117647058	2.0
597	1LP9	P04213	F	114	0.983	122	0.9344262295081968	2.0
598	1LP9	P04213	M	114	0.983	122	0.9344262295081968	2.0
599	1SBB	P01852	A	125	0.728	173	0.7225433526011561	2.4
600	1SBB	P01852	C	125	0.728	173	0.7225433526011561	2.4
601	1SBB	P01552	B	238	1.0	266	0.8947368421052632	2.4
602	1SBB	P01552	D	238	1.0	266	0.8947368421052632	2.4
603	3MZW	P04626	A	623	0.506	1255	0.4964143426294821	2.9
604	3MZW	P38507	B	57	0.123	508	0.11220472440944881	2.9
605	3KUD	P01112	A	165	0.878	189	0.873015873015873	2.15
606	3KUD	P04049	B	80	0.125	648	0.12345679012345678	2.15
607	2B2X	P18614	A	213	0.186	1180	0.1805084745762712	2.2
608	2B2X	P18614	B	213	0.186	1180	0.1805084745762712	2.2
609	2B2X	P01868	H	101	0.315	324	0.3117283950617284	2.2
610	2B2X	P01868	I	101	0.315	324	0.3117283950617284	2.2
611	4NZW	Q9Y376	A	326	0.959	341	0.9560117302052786	3.583
612	4NZW	O00506	B	292	0.688	426	0.6854460093896714	3.583
613	2HRK	P46655	A	190	0.27	708	0.268361581920904	2.05
614	2HRK	P46672	B	121	0.324	376	0.32180851063829785	2.05
615	2J1K	P78310	A	127	0.35	365	0.34794520547945207	2.3
616	2J1K	P78310	B	127	0.35	365	0.34794520547945207	2.3
617	2J1K	P78310	G	127	0.35	365	0.34794520547945207	2.3
618	2J1K	P78310	J	127	0.35	365	0.34794520547945207	2.3
619	2J1K	P78310	K	127	0.35	365	0.34794520547945207	2.3
620	2J1K	P78310	O	127	0.35	365	0.34794520547945207	2.3
621	2J1K	P78310	P	127	0.35	365	0.34794520547945207	2.3
622	2J1K	P78310	T	127	0.35	365	0.34794520547945207	2.3
623	2J1K	P78310	V	127	0.35	365	0.34794520547945207	2.3
624	2J1K	P78310	X	127	0.35	365	0.34794520547945207	2.3
625	2J1K	P78310	Y	127	0.35	365	0.34794520547945207	2.3
626	2J1K	P78310	Z	127	0.35	365	0.34794520547945207	2.3
627	2J1K	Q65914	C	185	0.343	542	0.3413284132841328	2.3
628	2J1K	Q65914	D	185	0.343	542	0.3413284132841328	2.3
629	2J1K	Q65914	E	185	0.343	542	0.3413284132841328	2.3
630	2J1K	Q65914	F	185	0.343	542	0.3413284132841328	2.3
631	2J1K	Q65914	H	185	0.343	542	0.3413284132841328	2.3
632	2J1K	Q65914	I	185	0.343	542	0.3413284132841328	2.3
633	2J1K	Q65914	L	185	0.343	542	0.3413284132841328	2.3
634	2J1K	Q65914	M	185	0.343	542	0.3413284132841328	2.3
635	2J1K	Q65914	N	185	0.343	542	0.3413284132841328	2.3
636	2J1K	Q65914	Q	185	0.343	542	0.3413284132841328	2.3
637	2J1K	Q65914	R	185	0.343	542	0.3413284132841328	2.3
638	2J1K	Q65914	S	185	0.343	542	0.3413284132841328	2.3
639	2C0L	P50542	A	304	0.477	639	0.4757433489827856	2.3
640	2C0L	P22307	B	121	0.223	547	0.22120658135283364	2.3
641	2B42	Q8H0K8	A	380	1.0	402	0.945273631840796	2.5
642	2B42	P18429	B	184	1.0	213	0.863849765258216	2.5
643	5UFQ	P01116	A	165	0.878	189	0.873015873015873	2.199
644	5UFQ	P01116	B	165	0.878	189	0.873015873015873	2.199
645	4E6K	Q9HY79	A	157	1.0	158	0.9936708860759493	2.0
646	4E6K	Q9HY79	B	157	1.0	158	0.9936708860759493	2.0
647	4E6K	Q9HY79	C	157	1.0	158	0.9936708860759493	2.0
648	4E6K	Q9HY79	D	157	1.0	158	0.9936708860759493	2.0
649	4E6K	Q9HY79	E	157	1.0	158	0.9936708860759493	2.0
650	4E6K	Q9HY79	F	157	1.0	158	0.9936708860759493	2.0
651	4E6K	Q9HY80	G	72	1.0	73	0.9863013698630136	2.0
652	4E6K	Q9HY80	H	72	1.0	73	0.9863013698630136	2.0
653	4E6K	Q9HY80	I	72	1.0	73	0.9863013698630136	2.0
654	2GOX	P01024	A	291	0.178	1663	0.17498496692723992	2.2
655	2GOX	P01024	C	291	0.178	1663	0.17498496692723992	2.2
656	2GOX	P68799	B	64	0.478	165	0.3878787878787879	2.2
657	2GOX	P68799	D	64	0.478	165	0.3878787878787879	2.2
658	5CYK	G0SFB5	A	494	1.0	495	0.997979797979798	3.0
659	5CYK	G0SCK6	B	368	0.461	801	0.45942571785268416	3.0
660	1B2U	P00648	A	109	0.894	157	0.6942675159235668	2.1
661	1B2U	P00648	B	109	0.894	157	0.6942675159235668	2.1
662	1B2U	P00648	C	109	0.894	157	0.6942675159235668	2.1
663	1B2U	P11540	D	89	1.0	90	0.9888888888888889	2.1
664	1B2U	P11540	E	89	1.0	90	0.9888888888888889	2.1
665	1B2U	P11540	F	89	1.0	90	0.9888888888888889	2.1
666	1B2S	P00648	A	109	0.894	157	0.6942675159235668	1.82
667	1B2S	P00648	B	109	0.894	157	0.6942675159235668	1.82
668	1B2S	P00648	C	109	0.894	157	0.6942675159235668	1.82
669	1B2S	P11540	D	89	1.0	90	0.9888888888888889	1.82
670	1B2S	P11540	E	89	1.0	90	0.9888888888888889	1.82
671	1B2S	P11540	F	89	1.0	90	0.9888888888888889	1.82
672	4ZS6	W6A0A7	A	222	0.165	1353	0.164079822616408	3.166
673	4ZS6	W6A0A7	B	222	0.165	1353	0.164079822616408	3.166
674	1B3S	P00648	A	109	0.894	157	0.6942675159235668	2.39
675	1B3S	P00648	B	109	0.894	157	0.6942675159235668	2.39
676	1B3S	P00648	C	109	0.894	157	0.6942675159235668	2.39
677	1B3S	P11540	D	89	1.0	90	0.9888888888888889	2.39
678	1B3S	P11540	E	89	1.0	90	0.9888888888888889	2.39
679	1B3S	P11540	F	89	1.0	90	0.9888888888888889	2.39
680	4GXU	Q9WFX3	A	326	0.596	566	0.5759717314487632	3.294
681	4GXU	Q9WFX3	B	175	0.321	566	0.30918727915194344	3.294
682	4GXU	Q9WFX3	C	326	0.596	566	0.5759717314487632	3.294
683	4GXU	Q9WFX3	D	175	0.321	566	0.30918727915194344	3.294
684	4GXU	Q9WFX3	E	326	0.596	566	0.5759717314487632	3.294
685	4GXU	Q9WFX3	F	175	0.321	566	0.30918727915194344	3.294
686	4GXU	Q9WFX3	G	326	0.596	566	0.5759717314487632	3.294
687	4GXU	Q9WFX3	H	175	0.321	566	0.30918727915194344	3.294
688	4GXU	Q9WFX3	I	326	0.596	566	0.5759717314487632	3.294
689	4GXU	Q9WFX3	J	175	0.321	566	0.30918727915194344	3.294
690	4GXU	Q9WFX3	K	326	0.596	566	0.5759717314487632	3.294
691	4GXU	Q9WFX3	L	175	0.321	566	0.30918727915194344	3.294
692	4G2V	Q8VDU0	A	335	0.495	679	0.49337260677466865	2.4
693	4G2V	Q5SYB0	B	37	0.024	1578	0.023447401774397972	2.4
694	4RA0	Q14393	A	400	0.619	678	0.5899705014749262	3.07
695	4RA0	Q14393	B	400	0.619	678	0.5899705014749262	3.07
696	4RA0	P30530	C	194	0.224	894	0.21700223713646533	3.07
697	4RA0	P30530	D	194	0.224	894	0.21700223713646533	3.07
698	1FY8	P00763	E	232	0.991	246	0.943089430894309	1.7
699	1FY8	P00974	I	57	0.734	100	0.57	1.7
700	4Y61	Q64487	A	390	0.207	1912	0.20397489539748953	3.358
701	4Y61	Q810C0	B	265	0.297	846	0.3132387706855792	3.358
702	4WND	P81274	A	401	0.588	684	0.5862573099415205	1.5
703	4WND	Q14CM0	B	47	0.036	1322	0.03555219364599092	1.5
704	4U6H	P07612	E	183	0.736	250	0.732	3.1
705	4U6H	P07612	J	183	0.736	250	0.732	3.1
706	4KRO	P00533	A	617	0.521	1210	0.5099173553719009	3.054
707	4KRL	P00533	A	203	0.172	1210	0.16776859504132233	2.849
708	4MNQ	P04439	A	274	0.806	365	0.7506849315068493	2.742
709	4MNQ	P61769	B	98	1.0	119	0.8235294117647058	2.742
710	4MNQ	O14746	C	8	0.008	1132	0.007067137809187279	2.742
711	4MNQ	H2RG00	D	86	0.53	185	0.4648648648648649	2.742
712	4MNQ	K7N5N2	D	88	0.43	207	0.4251207729468599	2.742
713	4MNQ	P01850	E	128	0.733	176	0.7272727272727273	2.742
714	1KAC	P36711	A	184	0.315	587	0.313458262350937	2.6
715	1KAC	P78310	B	123	0.358	365	0.336986301369863	2.6
716	3LZF	Q9WFX3	A	326	0.596	566	0.5759717314487632	2.8
717	3LZF	Q9WFX3	B	175	0.321	566	0.30918727915194344	2.8
718	3G6D	P35225	A	111	0.918	146	0.7602739726027398	3.2
719	2VIR	Q99LC4	B	97	0.477	463	0.20950323974082075	3.25
720	2VIR	Q99LC4	B	3	0.477	463	0.0064794816414686825	3.25
721	2VIR	Q99LC4	B	110	0.477	463	0.23758099352051837	3.25
722	2VIR	P03437	C	281	0.513	566	0.49646643109540634	3.25
723	3BP8	P50456	A	405	1.0	406	0.9975369458128078	2.85
724	3BP8	P50456	B	405	1.0	406	0.9975369458128078	2.85
725	3BP8	P69786	C	74	0.157	477	0.15513626834381553	2.85
726	3BP8	P69786	D	74	0.157	477	0.15513626834381553	2.85
727	3NVN	Q8JL80	A	384	1.0	399	0.9624060150375939	2.26
728	3NVN	O60486	B	472	0.308	1568	0.3010204081632653	2.26
729	1U7F	P84022	A	197	0.466	425	0.46352941176470586	2.6
730	1U7F	P84022	C	197	0.466	425	0.46352941176470586	2.6
731	1U7F	Q13485	B	238	0.433	552	0.4311594202898551	2.6
732	3NVQ	O75326	A	589	0.949	666	0.8843843843843844	2.4
733	3NVQ	O75326	E	589	0.949	666	0.8843843843843844	2.4
734	3NVQ	O60486	B	472	0.308	1568	0.3010204081632653	2.4
735	3NVQ	O60486	F	472	0.308	1568	0.3010204081632653	2.4
736	2A9K	P11233	A	174	0.85	206	0.8446601941747572	1.73
737	2A9K	P15879	B	210	1.0	251	0.8366533864541833	1.73
738	1EFN	P06241	A	58	0.11	537	0.10800744878957169	2.5
739	1EFN	P06241	C	58	0.11	537	0.10800744878957169	2.5
740	1EFN	P03406	B	151	0.738	206	0.7330097087378641	2.5
741	1EFN	P03406	D	151	0.738	206	0.7330097087378641	2.5
742	2HLE	P54760	A	179	0.185	987	0.18135764944275581	2.05
743	2HLE	P52799	B	137	0.451	333	0.4114114114114114	2.05
744	2REX	O43157	A	119	0.057	2135	0.05573770491803279	2.3
745	2REX	O43157	C	119	0.057	2135	0.05573770491803279	2.3
746	2REX	Q92730	B	195	0.845	232	0.8405172413793104	2.3
747	2REX	Q92730	D	195	0.845	232	0.8405172413793104	2.3
748	2I26	P00698	L	128	1.0	147	0.8707482993197279	2.5
749	2I26	P00698	M	128	1.0	147	0.8707482993197279	2.5
750	2I26	P00698	Q	128	1.0	147	0.8707482993197279	2.5
751	2I26	Q8JGG7	N	83	0.778	108	0.7685185185185185	2.5
752	2I26	Q8JGG7	O	83	0.778	108	0.7685185185185185	2.5
753	2I26	Q8JGG7	P	83	0.778	108	0.7685185185185185	2.5
754	2E7L	A2NTU7	A	111	0.452	268	0.4141791044776119	2.5
755	2E7L	A2NTU7	B	111	0.452	268	0.4141791044776119	2.5
756	2E7L	A2NTY6	C	114	0.956	144	0.7916666666666666	2.5
757	2E7L	A2NTY6	D	114	0.956	144	0.7916666666666666	2.5
758	2E7L	P01897	E	180	0.536	362	0.4972375690607735	2.5
759	2E7L	P01897	F	180	0.536	362	0.4972375690607735	2.5
760	2G2W	P0AD64	A	264	1.0	286	0.9230769230769231	1.8
761	2G2W	P35804	B	164	1.0	201	0.8159203980099502	1.8
762	2J12	Q80S15	A	193	0.924	210	0.919047619047619	1.5
763	2J12	P78310	B	127	0.35	365	0.34794520547945207	1.5
764	2GYK	P13479	A	85	1.0	86	0.9883720930232558	1.6
765	2GYK	P13479	E	85	1.0	86	0.9883720930232558	1.6
766	2GYK	P09883	B	132	0.229	582	0.2268041237113402	1.6
767	2GYK	P09883	F	132	0.229	582	0.2268041237113402	1.6
768	2J8U	P04439	A	274	0.806	365	0.7506849315068493	2.88
769	2J8U	P04439	H	274	0.806	365	0.7506849315068493	2.88
770	2J8U	P61769	B	98	1.0	119	0.8235294117647058	2.88
771	2J8U	P61769	I	98	1.0	119	0.8235294117647058	2.88
772	2J8U	Q9NPA0	C	8	0.0	242	0.03305785123966942	2.88
773	2J8U	Q9NPA0	J	8	0.0	242	0.03305785123966942	2.88
774	2J8U	P01849	E	78	0.581	136	0.5735294117647058	2.88
775	2J8U	P01849	L	78	0.581	136	0.5735294117647058	2.88
776	2J8U	P04213	F	114	0.983	122	0.9344262295081968	2.88
777	2J8U	P04213	M	114	0.983	122	0.9344262295081968	2.88
778	2B0Z	P00431	A	293	0.814	361	0.8116343490304709	2.7
779	2B0Z	P00044	B	107	0.991	109	0.981651376146789	2.7
780	2B10	P00431	A	293	0.814	361	0.8116343490304709	2.8
781	2B10	P00431	C	293	0.814	361	0.8116343490304709	2.8
782	2B10	P00044	B	107	0.991	109	0.981651376146789	2.8
783	2B10	P00044	D	107	0.991	109	0.981651376146789	2.8
784	2B11	P00431	A	293	0.814	361	0.8116343490304709	2.3
785	2B11	P00431	C	293	0.814	361	0.8116343490304709	2.3
786	2B11	P00044	B	107	0.991	109	0.981651376146789	2.3
787	2B11	P00044	D	107	0.991	109	0.981651376146789	2.3
788	2B12	P00431	A	293	0.814	361	0.8116343490304709	3.02
789	2B12	P00044	B	107	0.991	109	0.981651376146789	3.02
790	2UWE	P04439	A	274	0.806	365	0.7506849315068493	2.4
791	2UWE	P04439	H	274	0.806	365	0.7506849315068493	2.4
792	2UWE	P61769	B	98	1.0	119	0.8235294117647058	2.4
793	2UWE	P61769	I	98	1.0	119	0.8235294117647058	2.4
794	2UWE	Q9NPA0	C	8	0.0	242	0.03305785123966942	2.4
795	2UWE	Q9NPA0	J	8	0.0	242	0.03305785123966942	2.4
796	2UWE	P04213	F	114	0.983	122	0.9344262295081968	2.4
797	2UWE	P04213	M	114	0.983	122	0.9344262295081968	2.4
798	2SGQ	P00777	E	184	0.709	299	0.6153846153846154	1.8
799	2SGQ	P68390	I	50	0.276	185	0.2702702702702703	1.8
800	2SGP	P00777	E	184	0.709	299	0.6153846153846154	1.8
801	2SGP	P68390	I	50	0.276	185	0.2702702702702703	1.8
802	2P5E	P04439	A	274	0.806	365	0.7506849315068493	1.89
803	2P5E	P61769	B	98	1.0	119	0.8235294117647058	1.89
804	2P5E	P78358	C	8	0.05	180	0.044444444444444446	1.89
805	2P5E	P01848	D	78	0.564	140	0.5571428571428572	1.89
806	2NU4	P00777	E	184	0.709	299	0.6153846153846154	1.75
807	2NU4	P68390	I	50	0.276	185	0.2702702702702703	1.75
808	2OI9	P01897	A	178	0.53	362	0.49171270718232046	2.35
809	2OI9	P01738	B	109	1.0	130	0.8384615384615385	2.35
810	2OI9	A2NTY6	C	114	0.956	144	0.7916666666666666	2.35
811	2NU1	P00777	E	184	0.709	299	0.6153846153846154	1.8
812	2NU1	P68436	I	50	0.911	56	0.8928571428571429	1.8
813	2NU2	P00777	E	184	0.709	299	0.6153846153846154	1.65
814	2NU2	P68390	I	50	0.276	185	0.2702702702702703	1.65
815	2NU0	P00777	E	184	0.709	299	0.6153846153846154	1.95
816	2NU0	P68436	I	50	0.911	56	0.8928571428571429	1.95
817	2BNQ	P04439	A	274	0.806	365	0.7506849315068493	1.7
818	2BNQ	P61769	B	98	1.0	119	0.8235294117647058	1.7
819	2BNQ	P78358	C	7	0.044	180	0.03888888888888889	1.7
820	2BNQ	A0A0B4J279	D	91	0.989	112	0.8125	1.7
821	2BNQ	P01848	D	88	0.636	140	0.6285714285714286	1.7
822	2BNQ	A0A0K0K1A5	E	92	1.0	114	0.8070175438596491	1.7
823	2BNQ	P01850	E	128	0.733	176	0.7272727272727273	1.7
824	2JCC	P04439	A	274	0.806	365	0.7506849315068493	2.5
825	2JCC	P04439	H	274	0.806	365	0.7506849315068493	2.5
826	2JCC	P61769	B	98	1.0	119	0.8235294117647058	2.5
827	2JCC	P61769	I	98	1.0	119	0.8235294117647058	2.5
828	2JCC	Q9NPA0	C	8	0.0	242	0.03305785123966942	2.5
829	2JCC	Q9NPA0	J	8	0.0	242	0.03305785123966942	2.5
830	2JCC	P01849	E	78	0.581	136	0.5735294117647058	2.5
831	2JCC	P01849	L	78	0.581	136	0.5735294117647058	2.5
832	1Y3C	P00782	E	274	0.781	382	0.7172774869109948	1.69
833	1Y3C	Q40059	I	63	0.762	84	0.75	1.69
834	1Y34	P00782	E	274	0.781	382	0.7172774869109948	1.55
835	1Y34	Q40059	I	63	0.762	84	0.75	1.55
836	1Y33	P00782	E	274	0.781	382	0.7172774869109948	1.8
837	1Y33	Q40059	I	63	0.762	84	0.75	1.8
838	1Y1K	P00782	E	274	0.781	382	0.7172774869109948	1.56
839	1Y1K	Q40059	I	63	0.762	84	0.75	1.56
840	1Y3B	P00782	E	274	0.781	382	0.7172774869109948	1.8
841	1Y3B	Q40059	I	63	0.762	84	0.75	1.8
842	1Y48	P00782	E	274	0.781	382	0.7172774869109948	1.84
843	1Y48	Q40059	I	63	0.762	84	0.75	1.84
844	1Y3D	P00782	E	274	0.781	382	0.7172774869109948	1.8
845	1Y3D	Q40059	I	63	0.762	84	0.75	1.8
846	3BTT	P00760	E	222	0.974	246	0.9024390243902439	1.9
847	3BTT	P00974	I	57	0.734	100	0.57	1.9
848	3BTH	P00760	E	222	0.974	246	0.9024390243902439	1.75
849	3BTH	P00974	I	57	0.734	100	0.57	1.75
850	3BTG	P00760	E	222	0.974	246	0.9024390243902439	1.9
851	3BTG	P00974	I	57	0.734	100	0.57	1.9
852	3BTQ	P00760	E	222	0.974	246	0.9024390243902439	1.9
853	3BTQ	P00974	I	57	0.734	100	0.57	1.9
854	3BTM	P00760	E	222	0.974	246	0.9024390243902439	1.8
855	3BTM	P00974	I	57	0.734	100	0.57	1.8
856	2VLN	P13479	A	85	1.0	86	0.9883720930232558	1.6
857	2VLN	P09883	B	132	0.229	582	0.2268041237113402	1.6
858	3BTD	P00760	E	222	0.974	246	0.9024390243902439	1.9
859	3BTD	P00974	I	57	0.734	100	0.57	1.9
860	3BTE	P00760	E	222	0.974	246	0.9024390243902439	1.85
861	3BTE	P00974	I	57	0.734	100	0.57	1.85
862	3BTF	P00760	E	222	0.974	246	0.9024390243902439	1.8
863	3BTF	P00974	I	57	0.734	100	0.57	1.8
864	2VIS	Q99LC4	B	97	0.477	463	0.20950323974082075	3.25
865	2VIS	Q99LC4	B	3	0.477	463	0.0064794816414686825	3.25
866	2VIS	Q99LC4	B	110	0.477	463	0.23758099352051837	3.25
867	2VIS	P03437	C	281	0.513	566	0.49646643109540634	3.25
868	2VLO	P13479	A	85	1.0	86	0.9883720930232558	1.8
869	2VLO	P09883	B	132	0.229	582	0.2268041237113402	1.8
870	2VLP	P13479	A	85	1.0	86	0.9883720930232558	2.0
871	2VLP	P09883	B	132	0.229	582	0.2268041237113402	2.0
872	2VLQ	P13479	A	85	1.0	86	0.9883720930232558	1.6
873	2VLQ	P09883	B	132	0.229	582	0.2268041237113402	1.6
874	2VLR	P04439	A	274	0.806	365	0.7506849315068493	2.3
875	2VLR	P04439	F	274	0.806	365	0.7506849315068493	2.3
876	2VLR	P61769	B	98	1.0	119	0.8235294117647058	2.3
877	2VLR	P61769	G	98	1.0	119	0.8235294117647058	2.3
878	2VLR	P03485	C	8	0.036	252	0.031746031746031744	2.3
879	2VLR	P03485	H	8	0.036	252	0.031746031746031744	2.3
880	2VLR	P01848	D	88	0.636	140	0.6285714285714286	2.3
881	2VLR	P01848	I	88	0.636	140	0.6285714285714286	2.3
882	2VLR	P01850	E	128	0.733	176	0.7272727272727273	2.3
883	2VLR	P01850	J	128	0.733	176	0.7272727272727273	2.3
884	3QFJ	P04439	A	274	0.806	365	0.7506849315068493	2.29
885	3QFJ	P61769	B	98	1.0	119	0.8235294117647058	2.29
886	3Q3J	O75051	A	110	0.06	1894	0.05807814149947202	1.971
887	3Q3J	Q92730	B	195	0.845	232	0.8405172413793104	1.971
888	3PWP	P04439	A	274	0.806	365	0.7506849315068493	2.69
889	3PWP	P61769	B	98	1.0	119	0.8235294117647058	2.69
890	3PWP	P01848	D	88	0.636	140	0.6285714285714286	2.69
891	3NCC	P01236	A	184	0.93	227	0.8105726872246696	2.5
892	3NCC	P16471	B	209	0.351	622	0.3360128617363344	2.5
893	3N4I	P0AD64	A	264	1.0	286	0.9230769230769231	1.56
894	3N4I	P35804	B	164	1.0	201	0.8159203980099502	1.56
895	3NCB	P01236	A	184	0.93	227	0.8105726872246696	2.1
896	3NCB	P16471	B	209	0.351	622	0.3360128617363344	2.1
897	3N06	P01236	A	184	0.93	227	0.8105726872246696	2.0
898	3N06	P16471	B	209	0.351	622	0.3360128617363344	2.0
899	3N0P	P01236	A	184	0.93	227	0.8105726872246696	2.1
900	3N0P	P16471	B	209	0.351	622	0.3360128617363344	2.1
901	1TO1	P00782	E	274	0.781	382	0.7172774869109948	1.68
902	1TO1	Q40059	I	63	0.762	84	0.75	1.68
903	1X1W	P00648	A	109	0.894	157	0.6942675159235668	2.1
904	1X1W	P00648	B	109	0.894	157	0.6942675159235668	2.1
905	1X1W	P00648	C	109	0.894	157	0.6942675159235668	2.1
906	1X1W	P11540	D	89	1.0	90	0.9888888888888889	2.1
907	1X1W	P11540	E	89	1.0	90	0.9888888888888889	2.1
908	1X1W	P11540	F	89	1.0	90	0.9888888888888889	2.1
909	1X1X	P00648	A	109	0.894	157	0.6942675159235668	2.3
910	1X1X	P00648	B	109	0.894	157	0.6942675159235668	2.3
911	1X1X	P00648	C	109	0.894	157	0.6942675159235668	2.3
912	1X1X	P11540	D	88	0.989	90	0.9777777777777777	2.3
913	1X1X	P11540	E	88	0.989	90	0.9777777777777777	2.3
914	1X1X	P11540	F	88	0.989	90	0.9777777777777777	2.3
915	1TM3	P00782	E	274	0.781	382	0.7172774869109948	1.57
916	1TM3	Q40059	I	63	0.762	84	0.75	1.57
917	1TM4	P00782	E	274	0.781	382	0.7172774869109948	1.7
918	1TM4	Q40059	I	63	0.762	84	0.75	1.7
919	1TM5	P00782	E	274	0.781	382	0.7172774869109948	1.45
920	1TM5	Q40059	I	63	0.762	84	0.75	1.45
921	1TM7	P00782	E	274	0.781	382	0.7172774869109948	1.59
922	1TM7	Q40059	I	63	0.762	84	0.75	1.59
923	1TMG	P00782	E	274	0.781	382	0.7172774869109948	1.67
924	1TMG	Q40059	I	63	0.762	84	0.75	1.67
925	1YQV	P00698	Y	128	1.0	147	0.8707482993197279	1.7
926	1YCS	P04637	A	198	0.506	393	0.5038167938931297	2.2
927	1YCS	Q13625	B	33	0.21	1128	0.02925531914893617	2.2
928	1YCS	Q13625	B	202	0.21	1128	0.17907801418439717	2.2
929	3H9S	P04439	A	274	0.806	365	0.7506849315068493	2.7
930	3H9S	P61769	B	98	1.0	119	0.8235294117647058	2.7
931	3H9S	P38110	C	8	0.003	2787	0.0028704700394689632	2.7
932	3L5X	P35225	A	111	0.918	146	0.7602739726027398	1.9
933	3LNZ	Q00987	A	84	0.173	491	0.1710794297352342	1.95
934	3LNZ	Q00987	C	84	0.173	491	0.1710794297352342	1.95
935	3LNZ	Q00987	E	84	0.173	491	0.1710794297352342	1.95
936	3LNZ	Q00987	G	84	0.173	491	0.1710794297352342	1.95
937	3LNZ	Q00987	I	84	0.173	491	0.1710794297352342	1.95
938	3LNZ	Q00987	K	84	0.173	491	0.1710794297352342	1.95
939	3LNZ	Q00987	M	84	0.173	491	0.1710794297352342	1.95
940	3LNZ	Q00987	O	84	0.173	491	0.1710794297352342	1.95
941	3D5S	P01024	A	291	0.178	1663	0.17498496692723992	2.3
942	3D5S	P01024	B	291	0.178	1663	0.17498496692723992	2.3
943	3D5S	A6QG59	C	64	0.478	165	0.3878787878787879	2.3
944	3D5S	A6QG59	D	64	0.478	165	0.3878787878787879	2.3
945	3BTW	P00760	E	222	0.974	246	0.9024390243902439	2.05
946	3BTW	P00974	I	57	0.734	100	0.57	2.05
947	3D5R	P01024	A	291	0.178	1663	0.17498496692723992	2.1
948	3D5R	P01024	B	291	0.178	1663	0.17498496692723992	2.1
949	3D5R	A6QG59	C	64	0.478	165	0.3878787878787879	2.1
950	3D5R	A6QG59	D	64	0.478	165	0.3878787878787879	2.1
951	3EG5	P60766	A	177	0.932	191	0.9267015706806283	2.7
952	3EG5	P60766	C	177	0.932	191	0.9267015706806283	2.7
953	3EG5	O08808	B	382	0.305	1255	0.3043824701195219	2.7
954	3EG5	O08808	D	382	0.305	1255	0.3043824701195219	2.7
955	1P6A	P36711	A	184	0.315	587	0.313458262350937	2.9
956	1P6A	P78310	B	122	0.355	365	0.33424657534246577	2.9
957	1REW	P12643	A	113	0.306	396	0.28535353535353536	1.863
958	1REW	P12643	B	113	0.306	396	0.28535353535353536	1.863
959	1REW	P36894	C	128	0.253	532	0.24060150375939848	1.863
960	1REW	P36894	D	128	0.253	532	0.24060150375939848	1.863
961	1CSO	P00777	E	184	0.709	299	0.6153846153846154	1.9
962	1CSO	P68390	I	50	0.276	185	0.2702702702702703	1.9
963	1CT4	P00777	E	184	0.709	299	0.6153846153846154	1.6
964	1CT4	P68390	I	50	0.276	185	0.2702702702702703	1.6
965	1QSE	P04439	A	273	0.804	365	0.7479452054794521	2.8
966	1QSE	P61769	B	99	1.0	119	0.8319327731092437	2.8
967	1CT0	P00777	E	184	0.709	299	0.6153846153846154	1.8
968	1CT0	P68390	I	50	0.276	185	0.2702702702702703	1.8
969	3RF3	P18206	A	257	0.228	1134	0.22663139329805995	1.61
970	3RF3	P18206	B	257	0.228	1134	0.22663139329805995	1.61
971	3RF3	P18010	C	24	0.039	633	0.037914691943127965	1.61
972	3RF3	P18010	D	24	0.039	633	0.037914691943127965	1.61
973	1M9E	P62937	A	163	0.994	165	0.9878787878787879	1.72
974	1M9E	P62937	B	163	0.994	165	0.9878787878787879	1.72
975	1M9E	Q72497	C	145	0.292	500	0.29	1.72
976	1M9E	Q72497	D	145	0.292	500	0.29	1.72
977	1KIR	P01820	B	95	1.0	115	0.8260869565217391	2.0
978	1KIR	P00698	C	128	1.0	147	0.8707482993197279	2.0
979	1KIP	P01635	A	94	1.0	115	0.8173913043478261	2.1
980	1KIP	P00698	C	128	1.0	147	0.8707482993197279	2.1
981	1KIQ	P01635	A	94	1.0	115	0.8173913043478261	1.85
982	1KIQ	P00698	C	128	1.0	147	0.8707482993197279	1.85
983	1SIB	P00782	E	274	0.781	382	0.7172774869109948	2.4
984	1SIB	P01051	I	69	1.0	70	0.9857142857142858	2.4
985	3TGK	P00763	E	231	0.991	246	0.9390243902439024	1.7
986	3TGK	P00974	I	64	0.823	100	0.64	1.7
987	3U82	Q69091	A	284	0.772	394	0.7208121827411168	3.164
988	3U82	Q15223	B	305	0.626	517	0.5899419729206963	3.164
989	3UII	O15392	A	141	1.0	142	0.9929577464788732	2.6
990	3UII	O15392	B	141	1.0	142	0.9929577464788732	2.6
991	3UII	P68431	P	9	0.074	136	0.0661764705882353	2.6
992	3UII	P68431	Q	9	0.074	136	0.0661764705882353	2.6
993	1SGQ	P00777	E	184	0.709	299	0.6153846153846154	1.9
994	1SGQ	P68390	I	50	0.276	185	0.2702702702702703	1.9
995	1SGY	P00777	E	184	0.709	299	0.6153846153846154	1.8
996	1SGY	P68390	I	50	0.276	185	0.2702702702702703	1.8
997	1SGP	P00777	E	184	0.709	299	0.6153846153846154	1.4
998	1SGP	P68390	I	50	0.276	185	0.2702702702702703	1.4
999	1S0W	P62593	A	262	1.0	286	0.916083916083916	2.3
1000	1S0W	P62593	B	262	1.0	286	0.916083916083916	2.3
1001	1S0W	P35804	C	164	1.0	201	0.8159203980099502	2.3
1002	1S0W	P35804	D	164	1.0	201	0.8159203980099502	2.3
1003	1SBN	P00782	E	274	0.781	382	0.7172774869109948	2.1
1004	1SBN	P01051	I	69	1.0	70	0.9857142857142858	2.1
1005	1SGD	P00777	E	184	0.709	299	0.6153846153846154	1.8
1006	1SGD	P68390	I	50	0.276	185	0.2702702702702703	1.8
1007	1SGE	P00777	E	184	0.709	299	0.6153846153846154	1.8
1008	1SGE	P68390	I	50	0.276	185	0.2702702702702703	1.8
1009	1SGN	P00777	E	184	0.709	299	0.6153846153846154	1.8
1010	1SGN	P68390	I	50	0.276	185	0.2702702702702703	1.8
1011	1CT2	P00777	E	184	0.709	299	0.6153846153846154	1.65
1012	1CT2	P68390	I	50	0.276	185	0.2702702702702703	1.65
1013	1P69	P36711	A	184	0.315	587	0.313458262350937	3.1
1014	1P69	P78310	B	122	0.355	365	0.33424657534246577	3.1
1015	1CZ8	P15692	V	93	0.238	395	0.23544303797468355	2.4
1016	1CZ8	P15692	W	93	0.238	395	0.23544303797468355	2.4
1017	4EKD	P21279	A	341	0.953	359	0.9498607242339833	2.71
1018	4EKD	P41220	B	131	0.626	211	0.6208530805687204	2.71
1019	1GRN	P60953	A	190	1.0	191	0.9947643979057592	2.1
1020	1GRN	Q07960	B	202	0.462	439	0.4601366742596811	2.1
1021	1GL1	P00766	A	244	1.0	245	0.9959183673469387	2.1
1022	1GL1	P00766	B	244	1.0	245	0.9959183673469387	2.1
1023	1GL1	P00766	C	244	1.0	245	0.9959183673469387	2.1
1024	1GL1	P80060	I	35	0.493	92	0.3804347826086957	2.1
1025	1GL1	P80060	J	35	0.493	92	0.3804347826086957	2.1
1026	1GL1	P80060	K	35	0.493	92	0.3804347826086957	2.1
1027	1GL0	P00766	E	244	1.0	245	0.9959183673469387	3.0
1028	1GL0	P80060	I	34	0.479	92	0.3695652173913043	3.0
1029	1HE8	P48736	A	958	0.87	1102	0.8693284936479129	3.0
1030	1HE8	P01112	B	165	0.878	189	0.873015873015873	3.0
1031	4JFD	P04439	A	274	0.806	365	0.7506849315068493	2.46
1032	4JFD	P61769	B	98	1.0	119	0.8235294117647058	2.46
1033	4JFD	P01848	D	85	0.614	140	0.6071428571428571	2.46
1034	4JFD	P01850	E	128	0.733	176	0.7272727272727273	2.46
1035	1FR2	P13479	A	85	1.0	86	0.9883720930232558	1.6
1036	1FR2	P09883	B	132	0.229	582	0.2268041237113402	1.6
1037	1F5R	P00763	A	231	0.991	246	0.9390243902439024	1.65
1038	1F5R	P00974	I	64	0.823	100	0.64	1.65
1039	4JGH	O14508	A	166	0.843	198	0.8383838383838383	3.0
1040	4JGH	P62869	B	117	1.0	118	0.9915254237288136	3.0
1041	4JGH	P83940	C	95	0.857	112	0.8482142857142857	3.0
1042	4JGH	Q93034	D	376	0.483	780	0.48205128205128206	3.0
1043	4JFE	P04439	A	274	0.806	365	0.7506849315068493	2.7
1044	4JFE	P61769	B	98	1.0	119	0.8235294117647058	2.7
1045	4JFE	P01848	D	86	0.621	140	0.6142857142857143	2.7
1046	4JFE	P01850	E	128	0.733	176	0.7272727272727273	2.7
1047	4KRP	P00533	A	612	0.521	1210	0.5057851239669422	2.823
1048	4KRP	P00533	A	4	0.521	1210	0.003305785123966942	2.823
1049	4LRX	P76015	A	355	1.0	356	0.9971910112359551	3.25
1050	4LRX	P76015	B	355	1.0	356	0.9971910112359551	3.25
1051	4LRX	P76016	C	317	0.498	639	0.49608763693270735	3.25
1052	4LRX	P76016	D	317	0.498	639	0.49608763693270735	3.25
1053	4MYW	P03172	A	284	0.774	393	0.72264631043257	3.189
1054	4MYW	P03172	C	284	0.774	393	0.72264631043257	3.189
1055	4MYW	Q15223	B	305	0.626	517	0.5899419729206963	3.189
1056	4MYW	Q15223	D	305	0.626	517	0.5899419729206963	3.189
