	PDB_ID	Chain_ID	Uniprot_ID	Location	DDG_method	DDG	PDB_mut	Clean_mut	Affinity_M	Affinity_WT	unique	Out_type	Out_protein	Skempi_v	sampling_fold
0	3MZG	3MZG_A	P01236	COR	['SPR', 'SPR', 'SPR', 'SPR', 'SPR', 'SPR', 'SPR', 'SPR', 'SPR', 'SPR', 'SPR', 'SPR', 'SPR', 'SPR', 'SPR', 'SPR', 'SPR', 'SPR', 'SPR']	[0.686, 0.686, 0.686, 0.686, 0.686, 0.686, 0.686, 0.686, 0.686, 0.686, 0.686, 0.686, 0.686, 0.686, 0.686, 0.686, 0.686, 0.686, 0.686]	HA180A	HA167A	[6.28e-06, 5.8e-06, 3.4e-06, 1.96e-06, 1.28e-06, 9.5e-07, 7.19e-07, 5.97e-07, 4.94e-07, 1.32e-05, 7.9e-06, 7.6e-06, 3.6e-06, 2.4e-06, 1.36e-06, 6.5e-07, 8.2e-07, 5.1e-07, 4.6e-07]	[2e-05, 1.68e-06, 2.03e-07, 1.71e-07, 1.05e-07, 4.39e-08, 4.59e-08, 3.91e-08, 3.7e-08, 8.4e-06, 2.13e-06, 1.28e-06, 2e-07, 7.7e-08, 3.3e-08, 2.1e-08, 1.3e-08, 1.1e-08, 1.1e-08]	3MZG_A_HA180A		3MZG_A_B,3N06_A_B,3N0P_A_B,3NCB_A_B,3NCC_A_B,1BP3_A_B	2	8
1	3NCB	3NCB_A	P01236	COR	['SPR', 'SPR', 'SPR', 'SPR', 'SPR', 'SPR', 'SPR', 'SPR', 'SPR', 'SPR', 'SPR', 'SPR', 'SPR', 'SPR', 'SPR', 'SPR', 'SPR', 'SPR', 'SPR']	[-0.686, -0.686, -0.686, -0.686, -0.686, -0.686, -0.686, -0.686, -0.686, -0.686, -0.686, -0.686, -0.686, -0.686, -0.686, -0.686, -0.686, -0.686, -0.686]	AA180H	AA167H	[2e-05, 1.68e-06, 2.03e-07, 1.71e-07, 1.05e-07, 4.39e-08, 4.59e-08, 3.91e-08, 3.7e-08, 8.4e-06, 2.13e-06, 1.28e-06, 2e-07, 7.7e-08, 3.3e-08, 2.1e-08, 1.3e-08, 1.1e-08, 1.1e-08]	[6.28e-06, 5.8e-06, 3.4e-06, 1.96e-06, 1.28e-06, 9.5e-07, 7.19e-07, 5.97e-07, 4.94e-07, 1.32e-05, 7.9e-06, 7.6e-06, 3.6e-06, 2.4e-06, 1.36e-06, 6.5e-07, 8.2e-07, 5.1e-07, 4.6e-07]	3NCB_A_AA180H		3MZG_A_B,3N06_A_B,3N0P_A_B,3NCB_A_B,3NCC_A_B,1BP3_A_B	2	8
2	1AO7	1AO7_C	P14079	COR	['SPR', 'SPR', 'SPR', 'SPR', 'SPR', 'SPR', 'SPR', 'SPR', 'SPR', 'SPR', 'SPR']	[-1.533, -1.533, -1.533, -1.533, -1.533, -1.533, -1.533, -1.533, -1.533, -1.533, -1.533]	YC5A	YC5A	[3.31e-05, 5.62e-05, 4.43e-05, 3.08e-05, 2.27e-05, 2.36e-05, 5.45e-05, 3.17e-05, 3.08e-05, 5.44e-05, 3.3e-05]	[2.49e-06, 2.88e-06, 2.81e-06, 1.95e-06, 2.89e-06, 1.69e-06, 2.86e-06, 3.07e-06, 1.96e-06, 2.86e-06, 2.23e-06]	1AO7_C_YC5A	TCR/pMHC	TCR/pMHC,1JCK_A_B	2	1
3	3MZG	3MZG_A	P01236	SUP	['SPR', 'SPR', 'SPR', 'SPR', 'SPR', 'SPR', 'SPR', 'SPR', 'SPR', 'SPR']	[0.874, 0.874, 0.874, 0.874, 0.874, 0.874, 0.874, 0.874, 0.874, 0.874]	HA30A	HA17A	[1.92e-06, 1.29e-06, 8.8e-07, 2.33e-07, 1.25e-07, 5.3e-08, 3.4e-08, 2.4e-08, 2.1e-08, 1.9e-08]	[8.4e-06, 2.13e-06, 1.28e-06, 2e-07, 7.7e-08, 3.3e-08, 2.1e-08, 1.3e-08, 1.1e-08, 1.1e-08]	3MZG_A_HA30A		3MZG_A_B,3N06_A_B,3N0P_A_B,3NCB_A_B,3NCC_A_B,1BP3_A_B	2	8
4	3N06	3N06_A	P01236	SUP	['SPR', 'SPR', 'SPR', 'SPR', 'SPR', 'SPR', 'SPR', 'SPR', 'SPR', 'SPR']	[-0.091, -0.091, -0.091, -0.091, -0.091, -0.091, -0.091, -0.091, -0.091, -0.091]	AA27H	AA14H	[8.4e-06, 2.13e-06, 1.28e-06, 2e-07, 7.7e-08, 3.3e-08, 2.1e-08, 1.3e-08, 1.1e-08, 1.1e-08]	[7.2e-06, 1.66e-06, 6.8e-07, 1.43e-07, 5.8e-08, 2.9e-08, 2.6e-08, 1.6e-08, 1.8e-08, 1.9e-08]	3N06_A_AA27H		3MZG_A_B,3N06_A_B,3N0P_A_B,3NCB_A_B,3NCC_A_B,1BP3_A_B	2	8
5	3MZG	3MZG_A	P01236	RIM	['SPR', 'SPR', 'SPR', 'SPR', 'SPR', 'SPR', 'SPR', 'SPR', 'SPR', 'SPR']	[0.091, 0.091, 0.091, 0.091, 0.091, 0.091, 0.091, 0.091, 0.091, 0.091]	HA27A	HA14A	[7.2e-06, 1.66e-06, 6.8e-07, 1.43e-07, 5.8e-08, 2.9e-08, 2.6e-08, 1.6e-08, 1.8e-08, 1.9e-08]	[8.4e-06, 2.13e-06, 1.28e-06, 2e-07, 7.7e-08, 3.3e-08, 2.1e-08, 1.3e-08, 1.1e-08, 1.1e-08]	3MZG_A_HA27A		3MZG_A_B,3N06_A_B,3N0P_A_B,3NCB_A_B,3NCC_A_B,1BP3_A_B	2	8
6	3N0P	3N0P_A	P01236	SUP	['SPR', 'SPR', 'SPR', 'SPR', 'SPR', 'SPR', 'SPR', 'SPR', 'SPR', 'SPR']	[-0.874, -0.874, -0.874, -0.874, -0.874, -0.874, -0.874, -0.874, -0.874, -0.874]	AA30H	AA17H	[8.4e-06, 2.13e-06, 1.28e-06, 2e-07, 7.7e-08, 3.3e-08, 2.1e-08, 1.3e-08, 1.1e-08, 1.1e-08]	[1.92e-06, 1.29e-06, 8.8e-07, 2.33e-07, 1.25e-07, 5.3e-08, 3.4e-08, 2.4e-08, 2.1e-08, 1.9e-08]	3N0P_A_AA30H		3MZG_A_B,3N06_A_B,3N0P_A_B,3NCB_A_B,3NCC_A_B,1BP3_A_B	2	8
7	3MZG	3MZG_B	P16471	COR	['SPR', 'SPR', 'SPR', 'SPR', 'SPR', 'SPR', 'SPR', 'SPR', 'SPR']	[0.447, 0.447, 0.447, 0.447, 0.447, 0.447, 0.447, 0.447, 0.447]	HB188A	HB188A	[9.4e-06, 1e-05, 6.3e-06, 4.43e-06, 3.6e-06, 2.71e-06, 2.2e-06, 2.04e-06, 1.65e-06]	[2e-05, 1.68e-06, 2.03e-07, 1.71e-07, 1.05e-07, 4.39e-08, 4.59e-08, 3.91e-08, 3.7e-08]	3MZG_B_HB188A		3MZG_A_B,3N06_A_B,3N0P_A_B,3NCB_A_B,3NCC_A_B,1BP3_A_B	2	8
8	3NCC	3NCC_B	P16471	COR	['SPR', 'SPR', 'SPR', 'SPR', 'SPR', 'SPR', 'SPR', 'SPR', 'SPR']	[-0.447, -0.447, -0.447, -0.447, -0.447, -0.447, -0.447, -0.447, -0.447]	AB188H	AB188H	[2e-05, 1.68e-06, 2.03e-07, 1.71e-07, 1.05e-07, 4.39e-08, 4.59e-08, 3.91e-08, 3.7e-08]	[9.4e-06, 1e-05, 6.3e-06, 4.43e-06, 3.6e-06, 2.71e-06, 2.2e-06, 2.04e-06, 1.65e-06]	3NCC_B_AB188H		3MZG_A_B,3N06_A_B,3N0P_A_B,3NCB_A_B,3NCC_A_B,1BP3_A_B	2	8
9	1JTG	1JTG_B	P35804	COR	['IASP', 'SPR', 'SPR', 'SPR', 'IASP', 'ITC', 'ITC', 'ITC']	[-2.561, -2.561, -2.561, -2.561, -2.561, -2.561, -2.561, -2.561]	DB49A	DB49A	[8.3e-09, 1.46e-07, 9.82e-08, 8.03e-08, 2e-08, 2.63e-08, 1.96e-08, 1.49e-08]	[1.1e-10, 6.83e-09, 4.77e-09, 4.77e-09, 5e-10, 1.11e-10, 1.11e-10, 1.11e-10]	1JTG_B_DB49A		1XXM_A_C,1S0W_A_C,1JTG_A_B,2G2U_A_B,2G2W_A_B,3N4I_A_B,1JTD_A_B,3QHY_A_B	1	3
10	1JTG	1JTG_B	P35804	COR	['IASP', 'SPR', 'SPR', 'IASP', 'ITC', 'ITC', 'ITC']	[-3.379, -3.379, -3.379, -3.379, -3.379, -3.379, -3.379]	FB142A	FB142A	[3.3e-08, 1.66e-07, 3.29e-07, 1.6e-08, 2.63e-08, 3.85e-08, 2.63e-08]	[1.1e-10, 4.77e-09, 4.77e-09, 5e-10, 1.11e-10, 1.11e-10, 1.11e-10]	1JTG_B_FB142A		1XXM_A_C,1S0W_A_C,1JTG_A_B,2G2U_A_B,2G2W_A_B,3N4I_A_B,1JTD_A_B,3QHY_A_B	1	3
11	3MZG	3MZG_A	P01236	SUP	['SPR', 'SPR', 'SPR', 'SPR', 'SPR', 'SPR']	[-0.125, -0.125, -0.125, -0.125, -0.125, -0.125]	HA173A	HA160A	[2.1e-05, 2.9e-05, 3.26e-06, 5.51e-07, 1.55e-07, 9.04e-08]	[1.7e-05, 4.6e-06, 4.18e-07, 7.17e-08, 2.71e-08, 2.09e-08]	3MZG_A_HA173A		3MZG_A_B,3N06_A_B,3N0P_A_B,3NCB_A_B,3NCC_A_B,1BP3_A_B	2	8
12	3MZG	3MZG_A	P01236	INT	['SPR', 'SPR', 'SPR', 'SPR', 'SPR', 'SPR']	[0.397, 0.397, 0.397, 0.397, 0.397, 0.397]	HA138A	HA125A	[8.7e-06, 2.11e-06, 3.23e-07, 7.9e-08, 3.6e-08, 2.47e-08]	[1.7e-05, 4.6e-06, 4.18e-07, 7.17e-08, 2.71e-08, 2.09e-08]	3MZG_A_HA138A		3MZG_A_B,3N06_A_B,3N0P_A_B,3NCB_A_B,3NCC_A_B,1BP3_A_B	2	8
13	3MZG	3MZG_A	P01236	INT	['SPR', 'SPR', 'SPR', 'SPR', 'SPR', 'SPR']	[-0.034, -0.034, -0.034, -0.034, -0.034, -0.034]	HA59A	HA46A	[1.8e-05, 1.2e-05, 1.08e-06, 1.99e-07, 5.54e-08, 3.24e-08]	[1.7e-05, 4.6e-06, 4.18e-07, 7.17e-08, 2.71e-08, 2.09e-08]	3MZG_A_HA59A		3MZG_A_B,3N06_A_B,3N0P_A_B,3NCB_A_B,3NCC_A_B,1BP3_A_B	2	8
14	1JTG	1JTG_B	P35804	SUP	['SPR', 'SPR', 'IASP', 'ITC', 'ITC', 'ITC']	[-3.56, -3.56, -3.56, -3.56, -3.56, -3.56]	KB74A	KB74A	[1.94e-06, 3.03e-06, 4.6e-08, 9.09e-08, 1.11e-07, 6.25e-08]	[4.77e-09, 4.77e-09, 5e-10, 1.11e-10, 1.11e-10, 1.11e-10]	1JTG_B_KB74A		1XXM_A_C,1S0W_A_C,1JTG_A_B,2G2U_A_B,2G2W_A_B,3N4I_A_B,1JTD_A_B,3QHY_A_B	1	4
15	3MZG	3MZG_A	P01236	INT	['SPR', 'SPR', 'SPR', 'SPR', 'SPR', 'SPR']	[0.062, 0.062, 0.062, 0.062, 0.062, 0.062]	HA97A	HA84A	[1.53e-05, 4.68e-06, 4.42e-07, 9.89e-08, 3.82e-08, 2.48e-08]	[1.7e-05, 4.6e-06, 4.18e-07, 7.17e-08, 2.71e-08, 2.09e-08]	3MZG_A_HA97A		3MZG_A_B,3N06_A_B,3N0P_A_B,3NCB_A_B,3NCC_A_B,1BP3_A_B	2	8
16	3MZG	3MZG_A	P01236	SUR	['SPR', 'SPR', 'SPR', 'SPR', 'SPR', 'SPR']	[-0.204, -0.204, -0.204, -0.204, -0.204, -0.204]	HA46A	HA33A	[2.4e-05, 4.9e-06, 4.94e-07, 9.29e-08, 3.66e-08, 2.77e-08]	[1.7e-05, 4.6e-06, 4.18e-07, 7.17e-08, 2.71e-08, 2.09e-08]	3MZG_A_HA46A		3MZG_A_B,3N06_A_B,3N0P_A_B,3NCB_A_B,3NCC_A_B,1BP3_A_B	2	8
17	1KBH	1KBH_B	P45481	SUP	['SFFL', 'SFFL', 'SFFL', 'SFFL', 'SFFL']	[-0.596, -0.596, -0.596, -0.596, -0.596]	YB98W	YB1172W	[9.3e-08, 9.29e-08, 7.63e-08, 1.24e-08, 8.75e-08]	[3.4e-08, 3.4e-08, 3.4e-08, 3.4e-08, 3.4e-08]	1KBH_B_YB98W		1KBH_A_B	2	4
18	1JTG	1JTG_B	P35804	SUP	['SPR', 'IASP', 'ITC', 'ITC', 'ITC']	[-3.25, -3.25, -3.25, -3.25, -3.25]	HB41A	HB41A	[1.15e-06, 3.4e-08, 3.85e-08, 5.26e-08, 1.25e-07]	[4.77e-09, 5e-10, 1.11e-10, 1.11e-10, 1.11e-10]	1JTG_B_HB41A		1XXM_A_C,1S0W_A_C,1JTG_A_B,2G2U_A_B,2G2W_A_B,3N4I_A_B,1JTD_A_B,3QHY_A_B	1	4
19	1JTG	1JTG_B	P35804	COR	['SPR', 'IASP', 'ITC', 'ITC', 'ITC']	[-3.011, -3.011, -3.011, -3.011, -3.011]	WB112A	WB112A	[7.68e-07, 1.3e-08, 3.57e-08, 2.5e-08, 1.56e-08]	[4.77e-09, 5e-10, 1.11e-10, 1.11e-10, 1.11e-10]	1JTG_B_WB112A		1XXM_A_C,1S0W_A_C,1JTG_A_B,2G2U_A_B,2G2W_A_B,3N4I_A_B,1JTD_A_B,3QHY_A_B	1	4
20	1JTG	1JTG_B	P35804	SUP	['SPR', 'IASP', 'ITC', 'ITC', 'ITC']	[-2.748, -2.748, -2.748, -2.748, -2.748]	HB148A	HB148A	[4.93e-07, 2.1e-08, 6.94e-09, 5e-08, 7.69e-08]	[4.77e-09, 5e-10, 1.11e-10, 1.11e-10, 1.11e-10]	1JTG_B_HB148A		1XXM_A_C,1S0W_A_C,1JTG_A_B,2G2U_A_B,2G2W_A_B,3N4I_A_B,1JTD_A_B,3QHY_A_B	1	4
21	1JTG	1JTG_B	P35804	COR	['SPR', 'IASP', 'ITC', 'ITC', 'ITC']	[-4.254, -4.254, -4.254, -4.254, -4.254]	WB150A	WB150A	[6.26e-06, 1.84e-07, 5e-07, 2.5e-07, 5e-07]	[4.77e-09, 5e-10, 1.11e-10, 1.11e-10, 1.11e-10]	1JTG_B_WB150A		1XXM_A_C,1S0W_A_C,1JTG_A_B,2G2U_A_B,2G2W_A_B,3N4I_A_B,1JTD_A_B,3QHY_A_B	1	4
22	1JTG	1JTG_B	P35804	SUP	['SPR', 'IASP', 'ITC', 'ITC', 'ITC']	[-2.077, -2.077, -2.077, -2.077, -2.077]	YB53A	YB53A	[1.59e-07, 2.1e-08, 2.5e-08, 7.14e-08, 3.45e-08]	[4.77e-09, 5e-10, 1.11e-10, 1.11e-10, 1.11e-10]	1JTG_B_YB53A		1XXM_A_C,1S0W_A_C,1JTG_A_B,2G2U_A_B,2G2W_A_B,3N4I_A_B,1JTD_A_B,3QHY_A_B	1	4
23	1JTG	1JTG_B	P35804	COR	['SPR', 'IASP', 'ITC', 'ITC', 'ITC']	[-3.201, -3.201, -3.201, -3.201, -3.201]	FB36A	FB36A	[1.06e-06, 4e-08, 7.14e-08, 4.76e-08, 1.89e-08]	[4.77e-09, 5e-10, 1.11e-10, 1.11e-10, 1.11e-10]	1JTG_B_FB36A		1XXM_A_C,1S0W_A_C,1JTG_A_B,2G2U_A_B,2G2W_A_B,3N4I_A_B,1JTD_A_B,3QHY_A_B	1	3
24	1JTG	1JTG_B	P35804	RIM	['SPR', 'IASP', 'ITC', 'ITC', 'ITC']	[-2.222, -2.222, -2.222, -2.222, -2.222]	RB160A	RB160A	[2.03e-07, 1.1e-08, 4.76e-08, 2.7e-08, 2.94e-08]	[4.77e-09, 5e-10, 1.11e-10, 1.11e-10, 1.11e-10]	1JTG_B_RB160A		1XXM_A_C,1S0W_A_C,1JTG_A_B,2G2U_A_B,2G2W_A_B,3N4I_A_B,1JTD_A_B,3QHY_A_B	1	4
25	1AO7	1AO7_A	P04439	RIM	['SPR', 'SPR', 'SPR', 'SPR']	[-3.867, -3.867, -3.867, -3.867]	EA166A	EA166A	[0.00194, 0.000207, 4e-06, 1.02e-05]	[2.84e-06, 2.55e-06, 9.1e-07, 8.8e-07]	1AO7_A_EA166A	TCR/pMHC	TCR/pMHC,1JCK_A_B	2	1
26	3S9D	3S9D_A	P01563	COR	['SP', 'SPR', 'SPR', 'SP']	[-3.074, -3.074, -3.074, -3.074]	RA149A	RA120A	[5.38e-07, 3e-07, 5.84e-07, 5.4e-07]	[3e-09, 3e-09, 3.11e-09, 2.5e-09]	3S9D_A_RA149A		3S9D_A_B,3SE3_B_C,3SE4_B_C	2	8
27	1MHP	1MHP_H	Not Mapped	SUR	['KinExA', 'KinExA', 'ELISA', 'ELISA']	[0.0, 0.0, 0.0, 0.0]	FH99W	FH99W	[8.5e-09, 8.5e-09, 8.5e-09, 8.5e-09]	[8.5e-09, 8.5e-09, 8.5e-09, 8.5e-09]	1MHP_H_FH99W	AB/AG	AB/AG	2	4
28	3S9D	3S9D_A	P01563	COR	['SP', 'SP', 'SPR', 'SP']	[-3.682, -3.682, -3.682, -3.682]	LA30A	LA23A	[5e-06, 1.7e-06, 2.31e-06, 1.7e-06]	[1e-08, 3e-09, 3e-09, 2.5e-09]	3S9D_A_LA30A		3S9D_A_B,3SE3_B_C,3SE4_B_C	2	8
29	1AO7	1AO7_A	P04439	RIM	['SPR', 'SPR', 'SPR', 'SPR']	[-3.23, -3.23, -3.23, -3.23]	RA65A	RA65A	[0.00062, 0.000463, 8.4e-05, 0.000181]	[2.66e-06, 2.44e-06, 9.1e-07, 8.8e-07]	1AO7_A_RA65A	TCR/pMHC	TCR/pMHC,1JCK_A_B	2	1
30	1AO7	1AO7_C	P14079	COR	['SPR', 'SPR', 'ITC', 'SPR']	[0.125, 0.125, 0.125, 0.125]	YC5F	YC5F	[2.08e-06, 2.25e-06, 1.2e-06, 2.79e-06]	[2.57e-06, 1.69e-06, 9e-07, 2.23e-06]	1AO7_C_YC5F	TCR/pMHC	TCR/pMHC,1JCK_A_B	2	1
31	3MZG	3MZG_A	P01236	SUR	['SPR', 'SPR', 'SPR', 'SPR']	[0.261, 0.261, 0.261, 0.261]	HA195A	HA182A	[2.69e-07, 1.33e-07, 8.6e-08, 6.7e-08]	[4.18e-07, 7.17e-08, 2.71e-08, 2.09e-08]	3MZG_A_HA195A		3MZG_A_B,3N06_A_B,3N0P_A_B,3NCB_A_B,3NCC_A_B,1BP3_A_B	2	8
32	1LFD	1LFD_A	Q03386	SUR	['ITC', 'SFFL', 'ITC', 'IAFL']	[0.401, 0.401, 0.401, 0.401]	EA57A	EA44A	[5.84e-07, 1.28e-06, 5.84e-07, 1.67e-06]	[1.15e-06, 1.94e-06, 6.91e-07, 1.21e-06]	1LFD_A_EA57A		1LFD_A_B,4G0N_A_B,3KUD_A_B,1K8R_A_B,1HE8_A_B,1GUA_A_B,1C1Y_A_B	1	4
33	1LFD	1LFD_A	Q03386	SUR	['ITC', 'SFFL', 'ITC', 'IAFL']	[-0.297, -0.297, -0.297, -0.297]	KA48A	KA35A	[1.9e-06, 3e-06, 1.15e-06, 3.19e-06]	[1.15e-06, 1.94e-06, 6.91e-07, 1.21e-06]	1LFD_A_KA48A		1LFD_A_B,4G0N_A_B,3KUD_A_B,1K8R_A_B,1HE8_A_B,1GUA_A_B,1C1Y_A_B	1	4
34	1LFD	1LFD_A	Q03386	RIM	['ITC', 'SFFL', 'ITC', 'IAFL']	[0.601, 0.601, 0.601, 0.601]	DA51A	DA38A	[4.17e-07, 7.3e-07, 4.17e-07, 7.41e-07]	[1.15e-06, 1.94e-06, 6.91e-07, 1.21e-06]	1LFD_A_DA51A		1LFD_A_B,4G0N_A_B,3KUD_A_B,1K8R_A_B,1HE8_A_B,1GUA_A_B,1C1Y_A_B	1	4
35	3S9D	3S9D_A	P01563	COR	['SP', 'SP', 'SPR', 'SP']	[-1.01, -1.01, -1.01, -1.01]	LA26A	LA19A	[5.5e-08, 1.69e-08, 1.36e-08, 3.1e-08]	[1e-08, 3e-09, 3e-09, 2.5e-09]	3S9D_A_LA26A		3S9D_A_B,3SE3_B_C,3SE4_B_C	2	8
36	1LFD	1LFD_A	Q03386	COR	['ITC', 'SFFL', 'ITC', 'IAFL']	[-1.8, -1.8, -1.8, -1.8]	KA52A	KA39A	[2.4e-05, 1.42e-05, 3.98e-05, 0.000217]	[1.15e-06, 1.94e-06, 6.91e-07, 1.21e-06]	1LFD_A_KA52A		1LFD_A_B,4G0N_A_B,3KUD_A_B,1K8R_A_B,1HE8_A_B,1GUA_A_B,1C1Y_A_B	1	4
37	1AO7	1AO7_E	P01850	SUP	['SPR', 'SPR', 'SPR', 'SPR']	[-1.149, -1.149, -1.149, -1.149]	PE103A	PE100A	[1.99e-05, 2.05e-05, 1.48e-05, 2.03e-05]	[2.86e-06, 3.07e-06, 1.96e-06, 2.87e-06]	1AO7_E_PE103A	TCR/pMHC	TCR/pMHC,1JCK_A_B	2	1
38	1AO7	1AO7_E	P01850	SUP	['SPR', 'SPR', 'SPR', 'SPR']	[-0.453, -0.453, -0.453, -0.453]	RE95A	RE92A	[4.19e-06, 4.08e-06, 3.82e-06, 3.43e-06]	[1.95e-06, 2.89e-06, 1.69e-06, 1.69e-06]	1AO7_E_RE95A	TCR/pMHC	TCR/pMHC,1JCK_A_B	2	1
39	1AO7	1AO7_A	P04439	COR	['SPR', 'SPR', 'SPR', 'SPR']	[-0.412, -0.412, -0.412, -0.412]	QA155A	QA155A	[5.77e-06, 3.89e-06, 5.84e-06, 1.23e-06]	[2.88e-06, 4.64e-06, 2.87e-06, 8.8e-07]	1AO7_A_QA155A	TCR/pMHC	TCR/pMHC,1JCK_A_B	2	1
40	1BRS	1BRS_A	P00648	COR	['ITC', 'IAFL', 'SFFL', 'SFFL']	[-6.146, -6.146, -6.146, -6.146]	HA102A	HA100A	[3.2e-10, 7e-09, 5e-10, 3.7e-09]	[1e-14, 6e-14, 1.3e-14, 1.3e-13]	1BRS_A_HA102A		1BRS_A_D,1B2U_A_D,1B2S_A_D,1B3S_A_D,1X1W_A_D,1X1X_A_D	1	2
41	1JTG	1JTG_B	P35804	COR	['SPR', 'IASP', 'ITC', 'ITC']	[0.407, 0.407, 0.407, 0.407]	YB50A	YB50A	[2.4e-09, 1.1e-11, 3.33e-12, 3.1e-12]	[4.77e-09, 5e-10, 1.11e-10, 1.11e-10]	1JTG_B_YB50A		1XXM_A_C,1S0W_A_C,1JTG_A_B,2G2U_A_B,2G2W_A_B,3N4I_A_B,1JTD_A_B,3QHY_A_B	1	4
42	1JTG	1JTG_B	P35804	COR	['SPR', 'IASP', 'ITC', 'ITC']	[-0.382, -0.382, -0.382, -0.382]	YB143A	YB143A	[9.09e-09, 6e-10, 5e-10, 1.54e-09]	[4.77e-09, 5e-10, 1.11e-10, 1.11e-10]	1JTG_B_YB143A		1XXM_A_C,1S0W_A_C,1JTG_A_B,2G2U_A_B,2G2W_A_B,3N4I_A_B,1JTD_A_B,3QHY_A_B	1	4
43	1JTG	1JTG_A	P62593	COR	['SPR', 'SPR', 'IASP', 'SFFL']	[-1.553, -1.553, -1.553, -1.553]	EA104A	EA79A	[6.56e-08, 9.43e-08, 7e-08, 2.52e-08]	[4.77e-09, 4.77e-09, 3.2e-09, 2.3e-10]	1JTG_A_EA104A		1XXM_A_C,1S0W_A_C,1JTG_A_B,2G2U_A_B,2G2W_A_B,3N4I_A_B,1JTD_A_B,3QHY_A_B	1	3
44	1LFD	1LFD_A	Q03386	RIM	['ITC', 'SFFL', 'ITC', 'IAFL']	[-1.599, -1.599, -1.599, -1.599]	RA20A	RA7A	[1.71e-05, 1.32e-05, 2.84e-05, 5.92e-05]	[1.15e-06, 1.94e-06, 6.91e-07, 1.21e-06]	1LFD_A_RA20A		1LFD_A_B,4G0N_A_B,3KUD_A_B,1K8R_A_B,1HE8_A_B,1GUA_A_B,1C1Y_A_B	1	4
45	1JTG	1JTG_B	P35804	COR	['IASP', 'ITC', 'ITC', 'ITC']	[0.0, 0.0, 0.0, 0.0]	YB51A	YB51A	[5e-10, 7.63e-10, 6.67e-10, 6.41e-10]	[5e-10, 1.11e-10, 1.11e-10, 1.11e-10]	1JTG_B_YB51A		1XXM_A_C,1S0W_A_C,1JTG_A_B,2G2U_A_B,2G2W_A_B,3N4I_A_B,1JTD_A_B,3QHY_A_B	2	4
46	1BRS	1BRS_A	P00648	COR	['ITC', 'IAFL', 'SFFL', 'SFFL']	[-5.245, -5.245, -5.245, -5.245]	RA59A	RA57A	[7e-11, 1.5e-10, 8.2e-11, 5e-10]	[1e-14, 6e-14, 1.3e-14, 1.3e-13]	1BRS_A_RA59A		1BRS_A_D,1B2U_A_D,1B2S_A_D,1B3S_A_D,1X1W_A_D,1X1X_A_D	1	2
47	1LFD	1LFD_A	Q03386	COR	['ITC', 'SFFL', 'ITC', 'IAFL']	[-1.497, -1.497, -1.497, -1.497]	KA32A	KA19A	[1.44e-05, 1.82e-05, 1.44e-05, 0.000217]	[1.15e-06, 1.94e-06, 6.91e-07, 1.21e-06]	1LFD_A_KA32A		1LFD_A_B,4G0N_A_B,3KUD_A_B,1K8R_A_B,1HE8_A_B,1GUA_A_B,1C1Y_A_B	1	4
48	1A22	1A22_B	P10912	SUP	['SPR', 'IARA', 'RA']	[-2.116, -2.116, -2.116]	RB243A	RB11A	[1.21e-08, 6.4e-10, 3.95e-08]	[3.4e-10, 4e-10, 1e-09]	1A22_B_RB243A		1A22_A_B,1BP3_A_B	1	1
49	1CBW	1CBW_I	P00974	COR	['ITC', 'IASP', 'IASP']	[-2.002, -2.002, -2.002]	KI15A	KI15A	[4.17e-07, 3.3e-07, 4.76e-07]	[1.42e-08, 1.1e-08, 1.14e-08]	1CBW_I_KI15A	Pr/PI	Pr/PI	2	2
50	1A22	1A22_A	P01241	COR	['SPR', 'SPR', 'ITC']	[0.447, 0.447, 0.447]	FA25A	FA25A	[4.23e-10, 1.4e-09, 1.34e-09]	[9e-10, 2.9e-09, 2.6e-09]	1A22_A_FA25A		1A22_A_B,1BP3_A_B	1	1
51	1JTG	1JTG_B	P35804	COR	['SPR', 'IASP', 'ITC']	[0.168, 0.168, 0.168]	SB113A	SB113A	[3.59e-09, 1.1e-10, 4.78e-11]	[4.77e-09, 5e-10, 1.11e-10]	1JTG_B_SB113A		1XXM_A_C,1S0W_A_C,1JTG_A_B,2G2U_A_B,2G2W_A_B,3N4I_A_B,1JTD_A_B,3QHY_A_B	1	4
52	1JTG	1JTG_B	P35804	SUP	['SPR', 'IASP', 'ITC']	[-0.358, -0.358, -0.358]	SB71A	SB71A	[8.73e-09, 2e-10, 3.01e-10]	[4.77e-09, 5e-10, 1.11e-10]	1JTG_B_SB71A		1XXM_A_C,1S0W_A_C,1JTG_A_B,2G2U_A_B,2G2W_A_B,3N4I_A_B,1JTD_A_B,3QHY_A_B	1	4
53	5UFE	5UFE_A	P01116	SUR	['SP', 'BI', 'SP']	[1.221, 1.221, 1.221]	GA12D	GA12D	[6.4e-09, 4e-09, 6.4e-09]	[5.03e-08, 4.1e-08, 5.03e-08]	5UFE_A_GA12D		5UFE_A_B,5UFQ_A_C,1K8R_A_B,1HE8_A_B	2	10
54	4G0N	4G0N_B	P04049	RIM	['ITC', 'IAFL', 'ITC']	[-1.646, -1.646, -1.646]	RB59A	RB6A	[1.29e-06, 1.2e-06, 2.5e-06]	[8.02e-08, 1.18e-08, 8e-08]	4G0N_B_RB59A		4G0N_A_B,3KUD_A_B,1LFD_A_B,1GUA_A_B,1C1Y_A_B,1K8R_A_B,1HE8_A_B,1E96_A_B	2	10
55	3S9D	3S9D_B	P48551	COR	['SP', 'SPR', 'SP']	[-0.631, -0.631, -0.631]	HB76A	HB65A	[2.9e-08, 8.82e-09, 1.9e-08]	[1e-08, 3e-09, 2.5e-09]	3S9D_B_HB76A		3S9D_A_B,3SE3_B_C,3SE4_B_C	2	8
56	1JTG	1JTG_B	P35804	COR	['IASP', 'ITC', 'ITC']	[-0.199, -0.199, -0.199]	GB48A	GB48A	[7e-10, 1e-09, 2.94e-09]	[5e-10, 1.11e-10, 1.11e-10]	1JTG_B_GB48A		1XXM_A_C,1S0W_A_C,1JTG_A_B,2G2U_A_B,2G2W_A_B,3N4I_A_B,1JTD_A_B,3QHY_A_B	2	4
57	3S9D	3S9D_A	P01563	COR	['SP', 'SPR', 'SP']	[-2.077, -2.077, -2.077]	AA145G	AA116G	[1e-07, 1e-07, 9.6e-08]	[3e-09, 3e-09, 2.5e-09]	3S9D_A_AA145G		3S9D_A_B,3SE3_B_C,3SE4_B_C	2	8
58	1BRS	1BRS_A	P00648	COR	['ITC', 'SFFL', 'SFFL']	[-5.381, -5.381, -5.381]	KA27A	KA25A	[8.8e-11, 1.2e-10, 3e-10]	[1e-14, 1.3e-14, 1.3e-13]	1BRS_A_KA27A		1BRS_A_D,1B2U_A_D,1B2S_A_D,1B3S_A_D,1X1W_A_D,1X1X_A_D	1	2
59	3S9D	3S9D_A	P01563	SUP	['SP', 'SPR', 'SP']	[-2.185, -2.185, -2.185]	RA144A	RA115A	[1.2e-07, 1e-07, 9.9e-08]	[3e-09, 3e-09, 2.5e-09]	3S9D_A_RA144A		3S9D_A_B,3SE3_B_C,3SE4_B_C	2	8
60	1A22	1A22_B	P10912	RIM	['SPR', 'IARA', 'RA']	[-0.971, -0.971, -0.971]	EB327A	EB86A	[1.75e-09, 8e-10, 5.21e-09]	[3.4e-10, 4e-10, 1e-09]	1A22_B_EB327A		1A22_A_B,1BP3_A_B	1	1
61	3SE4	3SE4_B	P05000	COR	['SPR', 'SP', 'SPR']	[0.975, 0.975, 0.975]	KB152R	KB134R	[3.86e-10, 5.06e-05, 4.39e-10]	[2e-09, 4e-05, 2e-09]	3SE4_B_KB152R		3SE4_B_C,3S9D_A_B,3SE3_B_C	2	9
62	1A22	1A22_B	P10912	SUP	['SPR', 'IARA', 'RA']	[-0.994, -0.994, -0.994]	DB326A	DB85A	[1.82e-09, 2.1e-09, 5.21e-09]	[3.4e-10, 4e-10, 1e-09]	1A22_B_DB326A		1A22_A_B,1BP3_A_B	1	1
63	1A22	1A22_B	P10912	RIM	['SPR', 'IARA', 'RA']	[0.055, 0.055, 0.055]	SB298A	SB57A	[3.1e-10, 2.3e-10, 8.13e-10]	[3.4e-10, 4e-10, 1e-09]	1A22_B_SB298A		1A22_A_B,1BP3_A_B	1	1
64	1A22	1A22_B	P10912	RIM	['SPR', 'IARA', 'RA']	[0.018, 0.018, 0.018]	WB280A	WB39A	[3.3e-10, 5.3e-10, 1e-09]	[3.4e-10, 4e-10, 1e-09]	1A22_B_WB280A		1A22_A_B,1BP3_A_B	1	1
65	1A22	1A22_B	P10912	RIM	['SPR', 'IARA', 'RA']	[0.094, 0.094, 0.094]	EB275A	EB34A	[2.9e-10, 3.5e-10, 8.13e-10]	[3.4e-10, 4e-10, 1e-09]	1A22_B_EB275A		1A22_A_B,1BP3_A_B	1	1
66	1A22	1A22_B	P10912	COR	['SPR', 'IARA', 'RA']	[-0.514, -0.514, -0.514]	WB276A	WB35A	[8.1e-10, 1e-09, 2.65e-09]	[3.4e-10, 4e-10, 1e-09]	1A22_B_WB276A		1A22_A_B,1BP3_A_B	1	1
67	1A22	1A22_B	P10912	RIM	['SPR', 'IARA', 'RA']	[0.0, 0.0, 0.0]	QB274A	QB33A	[3.4e-10, 1.5e-10, 1e-09]	[3.4e-10, 4e-10, 1e-09]	1A22_B_QB274A		1A22_A_B,1BP3_A_B	1	1
68	1A22	1A22_B	P10912	RIM	['SPR', 'IARA', 'RA']	[-0.111, -0.111, -0.111]	TB273A	TB32A	[4.1e-10, 1.9e-10, 1.14e-09]	[3.4e-10, 4e-10, 1e-09]	1A22_B_TB273A		1A22_A_B,1BP3_A_B	1	1
69	1A22	1A22_B	P10912	SUR	['SPR', 'IARA', 'RA']	[-0.274, -0.274, -0.274]	NB272A	NB31A	[5.4e-10, 1.9e-10, 1.35e-09]	[3.4e-10, 4e-10, 1e-09]	1A22_B_NB272A		1A22_A_B,1BP3_A_B	1	1
70	1A22	1A22_B	P10912	COR	['SPR', 'IARA', 'RA']	[-0.274, -0.274, -0.274]	RB417A	RB172A	[5.4e-10, 7e-10, 1.35e-09]	[3.4e-10, 4e-10, 1e-09]	1A22_B_RB417A		1A22_A_B,1BP3_A_B	1	1
71	3S9D	3S9D_B	P48551	COR	['SPR', 'SP', 'SP']	[-1.496, -1.496, -1.496]	IB103A	IB90A	[3.75e-08, 4e-08, 4.5e-08]	[3e-09, 2.5e-09, 2.5e-09]	3S9D_B_IB103A		3S9D_A_B,3SE3_B_C,3SE4_B_C	2	8
72	1A22	1A22_B	P10912	SUP	['SPR', 'IARA', 'RA']	[0.182, 0.182, 0.182]	SB302A	SB61A	[2.5e-10, 8.8e-10, 6.87e-10]	[3.4e-10, 4e-10, 1e-09]	1A22_B_SB302A		1A22_A_B,1BP3_A_B	1	1
73	1A22	1A22_B	P10912	SUP	['SPR', 'IARA', 'RA']	[-1.608, -1.608, -1.608]	IB303A	IB62A	[5.13e-09, 8.3e-10, 2.01e-08]	[3.4e-10, 4e-10, 1e-09]	1A22_B_IB303A		1A22_A_B,1BP3_A_B	1	1
74	1A22	1A22_B	P10912	SUP	['SPR', 'IARA', 'RA']	[-1.941, -1.941, -1.941]	IB305A	IB64A	[9e-09, 5e-10, 2.82e-08]	[3.4e-10, 4e-10, 1e-09]	1A22_B_IB305A		1A22_A_B,1BP3_A_B	1	1
75	3SE4	3SE4_B	P05000	COR	['SPR', 'SP', 'SPR']	[-1.775, -1.775, -1.775]	KB152A	KB134A	[4e-08, 3.77e-05, 4.19e-08]	[2e-09, 4e-05, 2e-09]	3SE4_B_KB152A		3SE4_B_C,3S9D_A_B,3SE3_B_C	2	9
76	4NKQ	4NKQ_B	P15509	INT	['RA', 'RA', 'IARA']	[-0.423, -0.423, -0.423]	DB281A	DB176A	[1e-09, 8.4e-10, 2.5e-09]	[4.9e-10, 4e-11, 3e-11]	4NKQ_B_DB281A		4NKQ_C_AB,4RS1_A_B	2	10
77	1A22	1A22_B	P10912	RIM	['SPR', 'IARA', 'RA']	[-1.693, -1.693, -1.693]	EB244A	EB12A	[5.92e-09, 1.2e-09, 2.01e-08]	[3.4e-10, 4e-10, 1e-09]	1A22_B_EB244A		1A22_A_B,1BP3_A_B	1	1
78	5UFQ	5UFQ_A	P01116	SUR	['SP', 'BI', 'SP']	[-1.221, -1.221, -1.221]	DA12G	DA12G	[5.03e-08, 4.1e-08, 5.03e-08]	[6.4e-09, 4e-09, 6.4e-09]	5UFQ_A_DA12G		5UFE_A_B,5UFQ_A_C,1K8R_A_B,1HE8_A_B	2	10
79	3S9D	3S9D_A	P01563	SUR	['SP', 'SP', 'SPR']	[0.132, 0.132, 0.132]	EA132A	EA103A	[8e-09, 2.1e-09, 2.27e-09]	[1e-08, 3e-09, 3e-09]	3S9D_A_EA132A		3S9D_A_B,3SE3_B_C,3SE4_B_C	2	8
80	3HFM	3HFM_Y	P00698	COR	['SP', 'IASP', 'IASP']	[-1.028, -1.028, -1.028]	RY21A	RY21A	[1.7e-10, 3e-10, 3e-10]	[3e-11, 7.5e-11, 7e-11]	3HFM_Y_RY21A	AB/AG	AB/AG	1	8
81	3S9D	3S9D_A	P01563	SUP	['SP', 'SPR', 'SP']	[-2.289, -2.289, -2.289]	MA148A	MA119A	[1.43e-07, 1e-07, 1.43e-07]	[3e-09, 3e-09, 2.5e-09]	3S9D_A_MA148A		3S9D_A_B,3SE3_B_C,3SE4_B_C	2	8
82	3S9D	3S9D_A	P01563	COR	['SP', 'SPR', 'SP']	[-0.904, -0.904, -0.904]	SA152A	SA123A	[1.38e-08, 3e-08, 1.6e-08]	[3e-09, 3e-09, 2.5e-09]	3S9D_A_SA152A		3S9D_A_B,3SE3_B_C,3SE4_B_C	2	8
83	1DAN	1DAN_T	P13726	RIM	['ELFA', 'ELISA', 'SPR']	[-1.38, -1.38, -1.38]	DT44A	DT39A	[2.67e-11, 1.98e-07, 2.13e-08]	[2.6e-12, 5.3e-09, 6.16e-09]	1DAN_T_DT44A		1DAN_HL_UT	1	2
84	3S9D	3S9D_B	P48551	COR	['SPR', 'SPR', 'SP']	[-2.412, -2.412, -2.412]	EB77A	EB66A	[1.76e-07, 1.79e-07, 1.52e-07]	[3e-09, 3.11e-09, 2.5e-09]	3S9D_B_EB77A		3S9D_A_B,3SE3_B_C,3SE4_B_C	2	8
85	3S9D	3S9D_A	P01563	COR	['SP', 'SPR', 'SP']	[-1.336, -1.336, -1.336]	LA153A	LA124A	[2.86e-08, 3e-08, 4e-08]	[3e-09, 3e-09, 2.5e-09]	3S9D_A_LA153A		3S9D_A_B,3SE3_B_C,3SE4_B_C	2	8
86	1BRS	1BRS_A	P00648	SUP	['ITC', 'SFFL', 'SFFL']	[-2.348, -2.348, -2.348]	EA73A	EA71A	[5.26e-13, 3.2e-13, 1.5e-11]	[1e-14, 1.3e-14, 1.3e-13]	1BRS_A_EA73A		1BRS_A_D,1B2U_A_D,1B2S_A_D,1B3S_A_D,1X1W_A_D,1X1X_A_D	1	1
87	1AO7	1AO7_A	P04439	COR	['SPR', 'SPR', 'SPR']	[-0.489, -0.489, -0.489]	TA163A	TA163A	[5.39e-06, 3.1e-06, 2.15e-06]	[2.36e-06, 9.1e-07, 8.8e-07]	1AO7_A_TA163A	TCR/pMHC	TCR/pMHC,1JCK_A_B	2	1
88	1BD2	1BD2_C	P0C213	COR	['SPR', 'SPR', 'SPR']	[-0.734, -0.734, -0.734]	YC5F	YC5F	[4.45e-06, 4.45e-06, 6.49e-06]	[1.29e-06, 1.74e-06, 1.35e-06]	1BD2_C_YC5F	TCR/pMHC	TCR/pMHC,1JCK_A_B	2	1
89	1BD2	1BD2_C	P0C213	COR	['SPR', 'SPR', 'SPR']	[-3.408, -3.408, -3.408]	YC5A	YC5A	[0.00045, 0.000449, nan]	[1.43e-06, 1.78e-06, 1.35e-06]	1BD2_C_YC5A	TCR/pMHC	TCR/pMHC,1JCK_A_B	2	1
90	1AO7	1AO7_A	P04439	COR	['SPR', 'SPR', 'SPR']	[-1.182, -1.182, -1.182]	AA69G	AA69G	[3.08e-05, 9.6e-06, 1.15e-05]	[4.19e-06, 9.1e-07, 8.8e-07]	1AO7_A_AA69G	TCR/pMHC	TCR/pMHC,1JCK_A_B	2	1
91	1BD2	1BD2_E	A0A0K0K1A5,A0A5B9	COR	['SPR', 'SPR', 'SPR']	[-0.217, -0.217, -0.217]	YE104A	YE99A	[2.51e-06, 2.65e-06, 2.99e-06]	[1.74e-06, 1.78e-06, 1.35e-06]	1BD2_E_YE104A	TCR/pMHC	TCR/pMHC,1JCK_A_B	2	1
92	2WPT	2WPT_B	P09883	SUP	['RA', 'RA', 'ITC']	[0.094, 0.094, 0.094]	SB84A	SB77A	[1.11e-08, 1.4e-07, 7.09e-07]	[1.3e-08, 1.5e-07, 8.2e-07]	2WPT_B_SB84A		2WPT_A_B,2VLP_A_B,2VLN_A_B,2VLQ_A_B,2VLO_A_B,1EMV_A_B,1FR2_A_B,2GYK_A_B	1	7
93	1AO7	1AO7_D	A0A075B6T6,P01848	SUP	['SPR', 'SPR', 'SPR']	[-1.023, -1.023, -1.023]	SD31A	SD31A	[1.4e-05, 1.35e-05, 5.48e-06]	[2.49e-06, 2.57e-06, 2.23e-06]	1AO7_D_SD31A	TCR/pMHC	TCR/pMHC,1JCK_A_B	2	1
94	1AO7	1AO7_C	P14079	SUP	['SPR', 'SPR', 'SPR']	[-0.701, -0.701, -0.701]	LC1A	LC1A	[8.75e-06, 2.48e-05, 8.63e-06]	[2.68e-06, 2.27e-06, 2.65e-06]	1AO7_C_LC1A	TCR/pMHC	TCR/pMHC,1JCK_A_B	2	1
95	3S9D	3S9D_B	P48551	COR	['SP', 'SPR', 'SP']	[-0.742, -0.742, -0.742]	WB100A	WB87A	[3.5e-08, 1.76e-08, 3.4e-08]	[1e-08, 3e-09, 2.5e-09]	3S9D_B_WB100A		3S9D_A_B,3SE3_B_C,3SE4_B_C	2	9
96	3S9D	3S9D_A	P01563	SUP	['SP', 'SPR', 'SP']	[-1.279, -1.279, -1.279]	LA15A	LA8A	[2.6e-08, 3e-08, 6.9e-08]	[3e-09, 3e-09, 2.5e-09]	3S9D_A_LA15A		3S9D_A_B,3SE3_B_C,3SE4_B_C	2	8
97	3S9D	3S9D_A	P01563	SUR	['SP', 'SP', 'SPR']	[-0.348, -0.348, -0.348]	RA125A	RA96A	[1.8e-08, 3e-09, 4.84e-09]	[1e-08, 3e-09, 3e-09]	3S9D_A_RA125A		3S9D_A_B,3SE3_B_C,3SE4_B_C	2	8
98	2WPT	2WPT_B	P09883	COR	['RA', 'RA', 'ITC']	[-1.17, -1.17, -1.17]	FB86A	FB79A	[9.37e-08, 7.4e-07, 7.41e-05]	[1.3e-08, 1.5e-07, 8.2e-07]	2WPT_B_FB86A		2WPT_A_B,2VLP_A_B,2VLN_A_B,2VLQ_A_B,2VLO_A_B,1EMV_A_B,1FR2_A_B,2GYK_A_B	1	7
99	3S9D	3S9D_A	P01563	SUR	['SP', 'SP', 'SPR']	[-0.278, -0.278, -0.278]	KA131A	KA102A	[1.6e-08, 6.2e-09, 3e-09]	[1e-08, 3e-09, 3e-09]	3S9D_A_KA131A		3S9D_A_B,3SE3_B_C,3SE4_B_C	2	8
100	3HFM	3HFM_Y	P00698	COR	['IASP', 'IASP', 'IASP']	[-1.209, -1.209, -1.209]	DY101A	DY101A	[1e-09, 1e-09, 3.5e-10]	[1.3e-10, 7.5e-11, 7e-11]	3HFM_Y_DY101A	AB/AG	AB/AG	1	8
101	3S9D	3S9D_A	P01563	RIM	['SP', 'SP', 'SPR']	[0.211, 0.211, 0.211]	SA25A	SA18A	[7e-09, 2.6e-09, 3e-09]	[1e-08, 3e-09, 3e-09]	3S9D_A_SA25A		3S9D_A_B,3SE3_B_C,3SE4_B_C	2	8
102	3S9D	3S9D_B	P48551	SUP	['SP', 'SPR', 'SP']	[-1.52, -1.52, -1.52]	TB44A	TB33A	[1.3e-07, 5e-08, 7.4e-08]	[1e-08, 3e-09, 2.5e-09]	3S9D_B_TB44A		3S9D_A_B,3SE3_B_C,3SE4_B_C	2	9
103	3S9D	3S9D_A	P01563	INT	['SP', 'SP', 'SPR']	[-0.38, -0.38, -0.38]	DA32A	DA25A	[1.9e-08, 8.7e-09, 1.43e-08]	[1e-08, 3e-09, 3e-09]	3S9D_A_DA32A		3S9D_A_B,3SE3_B_C,3SE4_B_C	2	8
104	3S9D	3S9D_A	P01563	COR	['SP', 'SP', 'SPR']	[-3.682, -3.682, -3.682]	RA33A	RA26A	[5e-06, 2.81e-05, 0.00012]	[1e-08, 3e-09, 3e-09]	3S9D_A_RA33A		3S9D_A_B,3SE3_B_C,3SE4_B_C	2	8
105	3S9D	3S9D_A	P01563	RIM	['SP', 'SP', 'SPR']	[-0.411, -0.411, -0.411]	HA34A	HA27A	[2e-08, 7.9e-09, 8.82e-09]	[1e-08, 3e-09, 3e-09]	3S9D_A_HA34A		3S9D_A_B,3SE3_B_C,3SE4_B_C	2	8
106	3S9D	3S9D_A	P01563	RIM	['SP', 'SP', 'SPR']	[-0.24, -0.24, -0.24]	DA35A	DA28A	[1.5e-08, 4.6e-09, 6e-09]	[1e-08, 3e-09, 3e-09]	3S9D_A_DA35A		3S9D_A_B,3SE3_B_C,3SE4_B_C	2	8
107	1MHP	1MHP_L	Not Mapped	RIM	['SPR', 'KinExA', 'ELISA']	[0.54, 0.54, 0.54]	SL28Q	SL27Q	[4.3e-09, 2.76e-09, 2e-09]	[1.07e-08, 8.5e-09, 8.5e-09]	1MHP_L_SL28Q	AB/AG	AB/AG	2	4
108	4K71	4K71_A	P02768	INT	['ELISA', 'SPR', 'SPR']	[-2.032, -2.032, -2.032]	AA547V	AA545V	[9.26e-08, 2.3e-07, 1.2e-05]	[3e-09, 8e-09, 6.2e-06]	4K71_A_AA547V		4K71_A_BC	2	10
109	3S9D	3S9D_A	P01563	SUR	['SP', 'SP', 'SPR']	[-0.056, -0.056, -0.056]	KA134A	KA105A	[1.1e-08, 3.8e-09, 4.17e-09]	[1e-08, 3e-09, 3e-09]	3S9D_A_KA134A		3S9D_A_B,3SE3_B_C,3SE4_B_C	2	8
110	3S9D	3S9D_A	P01563	SUR	['SP', 'SP', 'SPR']	[-0.775, -0.775, -0.775]	KA133A	KA104A	[3.7e-08, 2.6e-08, 4.29e-09]	[1e-08, 3e-09, 3e-09]	3S9D_A_KA133A		3S9D_A_B,3SE3_B_C,3SE4_B_C	2	8
111	1AO7	1AO7_A	P04439	SUP	['SPR', 'SPR', 'SPR']	[-2.935, -2.935, -2.935]	KA66A	KA66A	[0.000316, 1.87e-05, 0.000181]	[2.23e-06, 9.1e-07, 8.8e-07]	1AO7_A_KA66A	TCR/pMHC	TCR/pMHC,1JCK_A_B	2	1
112	3S9D	3S9D_A	P01563	RIM	['SP', 'SP', 'SPR']	[-0.519, -0.519, -0.519]	FA27A	FA20A	[2.4e-08, 1.37e-08, 1e-08]	[1e-08, 3e-09, 3e-09]	3S9D_A_FA27A		3S9D_A_B,3SE3_B_C,3SE4_B_C	2	8
113	3S9D	3S9D_A	P01563	SUR	['SP', 'SP', 'SPR']	[-0.493, -0.493, -0.493]	KA31A	KA24A	[2.3e-08, 9e-09, 1e-08]	[1e-08, 3e-09, 3e-09]	3S9D_A_KA31A		3S9D_A_B,3SE3_B_C,3SE4_B_C	2	8
114	4G0N	4G0N_B	P04049	RIM	['ITC', 'IAFL', 'ITC']	[-2.13, -2.13, -2.13]	KB84A	KB31A	[2.92e-06, 5e-06, 2.5e-06]	[8.02e-08, 1.18e-08, 8e-08]	4G0N_B_KB84A		4G0N_A_B,3KUD_A_B,1LFD_A_B,1GUA_A_B,1C1Y_A_B,1K8R_A_B,1HE8_A_B,1E96_A_B	2	9
115	4G0N	4G0N_B	P04049	RIM	['ITC', 'IAFL', 'ITC']	[-1.937, -1.937, -1.937]	RB67A	RB14A	[2.11e-06, 6e-07, 1e-06]	[8.02e-08, 1.18e-08, 8e-08]	4G0N_B_RB67A		4G0N_A_B,3KUD_A_B,1LFD_A_B,1GUA_A_B,1C1Y_A_B,1K8R_A_B,1HE8_A_B,1E96_A_B	2	10
116	4G0N	4G0N_B	P04049	COR	['ITC', 'IAFL', 'ITC']	[-0.968, -0.968, -0.968]	VB69A	VB16A	[4.11e-07, 2.5e-07, 2.56e-07]	[8.02e-08, 1.18e-08, 8e-08]	4G0N_B_VB69A		4G0N_A_B,3KUD_A_B,1LFD_A_B,1GUA_A_B,1C1Y_A_B,1K8R_A_B,1HE8_A_B,1E96_A_B	2	10
117	4G0N	4G0N_B	P04049	RIM	['ITC', 'IAFL', 'ITC']	[-0.097, -0.097, -0.097]	NB64A	NB11A	[9.45e-08, 1.5e-07, 1.67e-07]	[8.02e-08, 1.18e-08, 8e-08]	4G0N_B_NB64A		4G0N_A_B,3KUD_A_B,1LFD_A_B,1GUA_A_B,1C1Y_A_B,1K8R_A_B,1HE8_A_B,1E96_A_B	2	9
118	1YQV	1YQV_Y	P00698	COR	['ITC', 'ITC', 'ITC']	[-2.001, -2.001, -2.001]	RY45K	RY45K	[1.09e-10, 6.81e-10, 2.13e-09]	[3.72e-12, 2.32e-11, 1.35e-10]	1YQV_Y_RY45K	AB/AG	AB/AG,1UUZ_A_D	2	6
119	4G0N	4G0N_A	P01112	INT	['IAFL', 'SFFL']	[-2.629, -2.629]	TA35A	TA35A	[1.1e-05, 7.2e-06]	[1.3e-07, 5e-08]	4G0N_A_TA35A		4G0N_A_B,3KUD_A_B,1LFD_A_B,1GUA_A_B,1C1Y_A_B,1K8R_A_B,1HE8_A_B,1E96_A_B	2	10
120	1JTG	1JTG_A	P62593	COR	['SPR', 'SFFL']	[-0.43, -0.43]	QA99A	QA74A	[9.85e-09, 6.22e-10]	[4.77e-09, 2.3e-10]	1JTG_A_QA99A		1XXM_A_C,1S0W_A_C,1JTG_A_B,2G2U_A_B,2G2W_A_B,3N4I_A_B,1JTD_A_B,3QHY_A_B	1	4
121	1LFD	1LFD_A	Q03386	COR	['ITC', 'IAFL']	[-1.0, -1.0]	YA31F	YA18F	[3.74e-06, 1.9e-05]	[6.91e-07, 1.21e-06]	1LFD_A_YA31F		1LFD_A_B,4G0N_A_B,3KUD_A_B,1K8R_A_B,1HE8_A_B,1GUA_A_B,1C1Y_A_B	2	4
122	1LFD	1LFD_A	Q03386	RIM	['ITC', 'SFFL']	[-0.398, -0.398]	NA27K	NA14K	[2.25e-06, 3.83e-06]	[1.15e-06, 1.94e-06]	1LFD_A_NA27K		1LFD_A_B,4G0N_A_B,3KUD_A_B,1K8R_A_B,1HE8_A_B,1GUA_A_B,1C1Y_A_B	1	4
123	1LFD	1LFD_A	Q03386	RIM	['ITC', 'SFFL']	[0.401, 0.401]	MA30K	MA17K	[5.84e-07, 4.1e-07]	[1.15e-06, 1.94e-06]	1LFD_A_MA30K		1LFD_A_B,4G0N_A_B,3KUD_A_B,1K8R_A_B,1HE8_A_B,1GUA_A_B,1C1Y_A_B	1	4
124	4G0N	4G0N_A	P01112	RIM	['ITC', 'ITC']	[-0.486, -0.486]	EA31A	EA31A	[1.82e-07, 8.33e-07]	[8.02e-08, 8e-08]	4G0N_A_EA31A		4G0N_A_B,3KUD_A_B,1LFD_A_B,1GUA_A_B,1C1Y_A_B,1K8R_A_B,1HE8_A_B,1E96_A_B	2	9
125	3F1S	3F1S_A	Q9UK55	COR	['IAFL', 'IAFL']	[1.804, 1.804]	KA239C	KA201C	[1e-10, 1.1e-09]	[2.1e-09, 1.6e-08]	3F1S_A_KA239C		3F1S_A_B	2	8
126	3F1S	3F1S_A	Q9UK55	COR	['IAFL', 'IAFL']	[1.804, 1.804]	KA239A	KA201A	[1e-10, 3e-10]	[2.1e-09, 1.6e-08]	3F1S_A_KA239A		3F1S_A_B	2	8
127	3F1S	3F1S_A	Q9UK55	COR	['IAFL', 'IAFL']	[-0.411, -0.411]	DA238A	DA200A	[4.2e-09, 5.2e-08]	[2.1e-09, 1.6e-08]	3F1S_A_DA238A		3F1S_A_B	2	8
128	1JTG	1JTG_B	P35804	RIM	['IASP', 'ITC']	[-0.108, -0.108]	RB144A	RB144A	[6e-10, 8.17e-10]	[5e-10, 1.11e-10]	1JTG_B_RB144A		1XXM_A_C,1S0W_A_C,1JTG_A_B,2G2U_A_B,2G2W_A_B,3N4I_A_B,1JTD_A_B,3QHY_A_B	2	4
129	1JTG	1JTG_B	P35804	COR	['IASP', 'ITC']	[-0.759, -0.759]	GB141A	GB141A	[1.8e-09, 2.61e-09]	[5e-10, 1.11e-10]	1JTG_B_GB141A		1XXM_A_C,1S0W_A_C,1JTG_A_B,2G2U_A_B,2G2W_A_B,3N4I_A_B,1JTD_A_B,3QHY_A_B	2	3
130	1JTG	1JTG_B	P35804	COR	['IASP', 'ITC']	[0.132, 0.132]	EB73A	EB73A	[4e-10, 5.86e-10]	[5e-10, 1.11e-10]	1JTG_B_EB73A		1XXM_A_C,1S0W_A_C,1JTG_A_B,2G2U_A_B,2G2W_A_B,3N4I_A_B,1JTD_A_B,3QHY_A_B	2	3
131	1TM1	1TM1_I	Q40059	COR	['IASP', 'IASP']	[-2.925, -2.925]	EI60A	EI41A	[9.75e-11, 5.2e-10]	[7e-13, 3e-12]	1TM1_I_EI60A	Pr/PI	Pr/PI	1	5
132	1LFD	1LFD_A	Q03386	INT	['ITC', 'SFFL']	[0.502, 0.502]	LA23K	LA10K	[4.93e-07, 1.89e-06]	[1.15e-06, 1.94e-06]	1LFD_A_LA23K		1LFD_A_B,4G0N_A_B,3KUD_A_B,1K8R_A_B,1HE8_A_B,1GUA_A_B,1C1Y_A_B	1	4
133	1LFD	1LFD_A	Q03386	INT	['ITC', 'SFFL']	[-0.898, -0.898]	SA22K	SA9K	[5.24e-06, 1.59e-06]	[1.15e-06, 1.94e-06]	1LFD_A_SA22K		1LFD_A_B,4G0N_A_B,3KUD_A_B,1K8R_A_B,1HE8_A_B,1GUA_A_B,1C1Y_A_B	1	4
134	1LFD	1LFD_A	Q03386	SUR	['ITC', 'SFFL']	[0.902, 0.902]	DA94K	DA81K	[2.51e-07, 2.8e-07]	[1.15e-06, 1.94e-06]	1LFD_A_DA94K		1LFD_A_B,4G0N_A_B,3KUD_A_B,1K8R_A_B,1HE8_A_B,1GUA_A_B,1C1Y_A_B	1	4
135	1LFD	1LFD_A	Q03386	SUR	['ITC', 'SFFL']	[-0.199, -0.199]	YA93K	YA80K	[1.61e-06, 2.21e-06]	[1.15e-06, 1.94e-06]	1LFD_A_YA93K		1LFD_A_B,4G0N_A_B,3KUD_A_B,1K8R_A_B,1HE8_A_B,1GUA_A_B,1C1Y_A_B	1	4
136	1LFD	1LFD_A	Q03386	SUR	['ITC', 'SFFL']	[0.401, 0.401]	NA92K	NA79K	[5.84e-07, 7.5e-07]	[1.15e-06, 1.94e-06]	1LFD_A_NA92K		1LFD_A_B,4G0N_A_B,3KUD_A_B,1K8R_A_B,1HE8_A_B,1GUA_A_B,1C1Y_A_B	1	4
137	1LFD	1LFD_A	Q03386	SUR	['ITC', 'SFFL']	[0.502, 0.502]	DA58K	DA45K	[4.93e-07, 4.2e-07]	[1.15e-06, 1.94e-06]	1LFD_A_DA58K		1LFD_A_B,4G0N_A_B,3KUD_A_B,1K8R_A_B,1HE8_A_B,1GUA_A_B,1C1Y_A_B	1	4
138	1JTG	1JTG_A	P62593	COR	['SPR', 'SFFL']	[0.407, 0.407]	VA216A	VA190A	[2.4e-09, 8.6e-11]	[4.77e-09, 2.3e-10]	1JTG_A_VA216A		1XXM_A_C,1S0W_A_C,1JTG_A_B,2G2U_A_B,2G2W_A_B,3N4I_A_B,1JTD_A_B,3QHY_A_B	1	4
139	1JTG	1JTG_A	P62593	COR	['SPR', 'SFFL']	[-0.739, -0.739]	MA129A	MA104A	[1.66e-08, 2.94e-09]	[4.77e-09, 2.3e-10]	1JTG_A_MA129A		1XXM_A_C,1S0W_A_C,1JTG_A_B,2G2U_A_B,2G2W_A_B,3N4I_A_B,1JTD_A_B,3QHY_A_B	1	4
140	1JTG	1JTG_A	P62593	COR	['SPR', 'SFFL']	[-4.062, -4.062]	EA110A	EA85A	[4.53e-06, 2.5e-11]	[4.77e-09, 2.3e-10]	1JTG_A_EA110A		1XXM_A_C,1S0W_A_C,1JTG_A_B,2G2U_A_B,2G2W_A_B,3N4I_A_B,1JTD_A_B,3QHY_A_B	1	3
141	4I77	4I77_H	Not Mapped	COR	['SPR', 'SPR']	[-1.692, -1.692]	YH100A	YH103A	[1.74e-10, 8.05e-10]	[1e-11, 1e-11]	4I77_H_YH100A	AB/AG	AB/AG	2	10
142	4I77	4I77_H	Not Mapped	COR	['SPR', 'SPR']	[0.0, 0.0]	YH100F	YH103F	[1e-11, 2.9e-11]	[1e-11, 1e-11]	4I77_H_YH100F	AB/AG	AB/AG	2	10
143	4I77	4I77_H	Not Mapped	COR	['SPR', 'SPR']	[-0.942, -0.942]	YH98A	YH101A	[4.9e-11, 4.66e-10]	[1e-11, 1e-11]	4I77_H_YH98A	AB/AG	AB/AG	2	10
144	1JCK	1JCK_B	P0A0L5	COR	['SPR', 'SE']	[-2.077, -2.077]	NB23A	NB23A	[nan, 0.00015]	[3e-06, 4.5e-06]	1JCK_B_NB23A		1JCK_A_B,1SBB_A_B,3QDJ_ABC_DE,3QDG_ABC_DE,4L3E_ABC_DE,4JFF_ABC_DE,4JFD_ABC_DE,4JFE_ABC_DE,2P5E_ABC_DE,2PYE_ABC_DE,2BNR_ABC_DE,2BNQ_ABC_DE,1AO7_ABC_DE,4FTV_ABC_DE,3D3V_ABC_DE,3QFJ_ABC_DE,3QIB_ABP_CD,1QSE_ABC_DE,1QRN_ABC_DE,1QSF_ABC_DE,3H9S_ABC_DE,3PWP_ABC_DE,1LP9_ABC_EF,2UWE_ABC_EF,2JCC_ABC_EF,2J8U_ABC_EF,4OZG_ABJ_GH,1MI5_ABC_DE,3HG1_ABC_DE,4P23_CD_AB,4P5T_CD_AB,1BD2_ABC_DE,2AK4_ABC_DE,2VLR_ABC_DE,1OGA_ABC_DE,2E7L_EQ_AD,3C60_CD_AB,2OI9_AQ_BC	2	3
145	1JCK	1JCK_B	P0A0L5	COR	['SPR', 'SE']	[-1.655, -1.655]	TB20A	TB20A	[4.9e-05, 4.2e-05]	[3e-06, 4.5e-06]	1JCK_B_TB20A		1JCK_A_B,1SBB_A_B,3QDJ_ABC_DE,3QDG_ABC_DE,4L3E_ABC_DE,4JFF_ABC_DE,4JFD_ABC_DE,4JFE_ABC_DE,2P5E_ABC_DE,2PYE_ABC_DE,2BNR_ABC_DE,2BNQ_ABC_DE,1AO7_ABC_DE,4FTV_ABC_DE,3D3V_ABC_DE,3QFJ_ABC_DE,3QIB_ABP_CD,1QSE_ABC_DE,1QRN_ABC_DE,1QSF_ABC_DE,3H9S_ABC_DE,3PWP_ABC_DE,1LP9_ABC_EF,2UWE_ABC_EF,2JCC_ABC_EF,2J8U_ABC_EF,4OZG_ABJ_GH,1MI5_ABC_DE,3HG1_ABC_DE,4P23_CD_AB,4P5T_CD_AB,1BD2_ABC_DE,2AK4_ABC_DE,2VLR_ABC_DE,1OGA_ABC_DE,2E7L_EQ_AD,3C60_CD_AB,2OI9_AQ_BC	1	3
146	1SBB	1SBB_B	P01552	RIM	['SPR', 'SE']	[-0.079, -0.079]	YB91V	YB91V	[0.00016, 0.00014]	[0.00014, 0.00012]	1SBB_B_YB91V		1SBB_A_B,1JCK_A_B	1	5
147	1SBB	1SBB_B	P01552	RIM	['SPR', 'SE']	[1.456, 1.456]	VB26Y	VB26Y	[1.2e-05, 2.6e-05]	[0.00014, 0.00012]	1SBB_B_VB26Y		1SBB_A_B,1JCK_A_B	1	5
148	1SBB	1SBB_B	P01552	COR	['SPR', 'SE']	[0.091, 0.091]	LB20T	LB20T	[0.00012, 0.0001]	[0.00014, 0.00012]	1SBB_B_LB20T		1SBB_A_B,1JCK_A_B	1	5
149	2B2X	2B2X_H	P01868	SUP	['KinExA', 'ELISA']	[-0.09, -0.09]	VH50T	VH50T	[1.7e-09, 1.36e-09]	[1.46e-09, 1.46e-09]	2B2X_H_VH50T	AB/AG	AB/AG	2	6
150	2B2X	2B2X_H	P01868	SUR	['KinExA', 'ELISA']	[0.157, 0.157]	EH64K	EH64K	[1.12e-09, 1.7e-09]	[1.46e-09, 1.46e-09]	2B2X_H_EH64K	AB/AG	AB/AG	2	6
151	1MHP	1MHP_H	Not Mapped	SUR	['ELISA', 'ELISA']	[-0.755, -0.755]	FH99Y	FH99Y	[3.04e-08, 3.04e-08]	[8.5e-09, 8.5e-09]	1MHP_H_FH99Y	AB/AG	AB/AG	2	4
152	1MHP	1MHP_H	Not Mapped	RIM	['KinExA', 'ELISA']	[0.0, 0.0]	GH54Y	GH54Y	[8.5e-09, 8.5e-09]	[8.5e-09, 8.5e-09]	1MHP_H_GH54Y	AB/AG	AB/AG	2	4
153	1MHP	1MHP_H	Not Mapped	RIM	['KinExA', 'ELISA']	[-0.574, -0.574]	GH100F	GH100F	[2.24e-08, 1.2e-08]	[8.5e-09, 8.5e-09]	1MHP_H_GH100F	AB/AG	AB/AG	2	4
154	1MHP	1MHP_L	Not Mapped	SUR	['KinExA', 'ELISA']	[0.177, 0.177]	NL52E	NL51E	[6.3e-09, 8.5e-09]	[8.5e-09, 8.5e-09]	1MHP_L_NL52E	AB/AG	AB/AG	2	4
155	1MHP	1MHP_L	Not Mapped	SUR	['KinExA', 'ELISA']	[0.067, 0.067]	SL24R	SL23R	[7.59e-09, 4.6e-09]	[8.5e-09, 8.5e-09]	1MHP_L_SL24R	AB/AG	AB/AG	2	4
156	1MHP	1MHP_H	Not Mapped	RIM	['KinExA', 'ELISA']	[-0.102, -0.102]	GH100M	GH100M	[1.01e-08, 1.01e-08]	[8.5e-09, 8.5e-09]	1MHP_H_GH100M	AB/AG	AB/AG	2	4
157	1FSS	1FSS_B	P0C1Z0	RIM	['IASP', 'IASP']	[-0.315, -0.315]	RB11K	RB11K	[6.3e-10, 5.3e-10]	[3.7e-10, 3.1e-10]	1FSS_B_RB11K		1FSS_A_B,1B41_A_B,1MAH_A_F	2	3
158	1FSS	1FSS_B	P0C1Z0	COR	['IASP', 'IASP']	[-1.199, -1.199]	TB9N	TB9N	[2.8e-09, 2.8e-09]	[3.7e-10, 3.1e-10]	1FSS_B_TB9N		1FSS_A_B,1B41_A_B,1MAH_A_F	2	3
159	1FSS	1FSS_B	P0C1Z0	COR	['IASP', 'IASP']	[-0.369, -0.369]	TB8V	TB8V	[6.9e-10, 1.25e-10]	[3.7e-10, 3.1e-10]	1FSS_B_TB8V		1FSS_A_B,1B41_A_B,1MAH_A_F	2	3
160	1AO7	1AO7_A	P04439	SUP	['SPR', 'SPR']	[-1.2, -1.2]	WA167A	WA167A	[6.9e-06, 9.77e-06]	[9.1e-07, 8.8e-07]	1AO7_A_WA167A	TCR/pMHC	TCR/pMHC,1JCK_A_B	2	1
161	1MHP	1MHP_H	Not Mapped	SUR	['KinExA', 'ELISA']	[0.123, 0.123]	KH64D	KH64D	[6.91e-09, 5.86e-09]	[8.5e-09, 8.5e-09]	1MHP_H_KH64D	AB/AG	AB/AG	2	4
162	1MHP	1MHP_H	Not Mapped	SUR	['KinExA', 'ELISA']	[0.155, 0.155]	KH64Q	KH64Q	[6.54e-09, 8.5e-09]	[8.5e-09, 8.5e-09]	1MHP_H_KH64Q	AB/AG	AB/AG	2	4
163	1MHP	1MHP_H	Not Mapped	SUR	['KinExA', 'ELISA']	[0.155, 0.155]	KH64E	KH64E	[6.54e-09, 8.5e-09]	[8.5e-09, 8.5e-09]	1MHP_H_KH64E	AB/AG	AB/AG	2	4
164	1MHP	1MHP_H	Not Mapped	INT	['KinExA', 'ELISA']	[0.123, 0.123]	LH60D	LH60D	[6.91e-09, 8.5e-09]	[8.5e-09, 8.5e-09]	1MHP_H_LH60D	AB/AG	AB/AG	2	4
165	1MHP	1MHP_H	Not Mapped	SUP	['KinExA', 'ELISA']	[0.263, 0.263]	TH50V	TH50V	[5.45e-09, 8.5e-09]	[8.5e-09, 8.5e-09]	1MHP_H_TH50V	AB/AG	AB/AG	2	4
166	1MHP	1MHP_L	Not Mapped	SUP	['KinExA', 'ELISA']	[-0.925, -0.925]	LL49K	LL48K	[4.05e-08, 3.27e-08]	[8.5e-09, 8.5e-09]	1MHP_L_LL49K	AB/AG	AB/AG	2	4
167	4I77	4I77_L	Not Mapped	SUP	['SPR', 'SPR']	[-1.722, -1.722]	NL91A	NL95A	[1.83e-10, 5.4e-11]	[1e-11, 1e-11]	4I77_L_NL91A	AB/AG	AB/AG	2	10
168	4I77	4I77_L	Not Mapped	RIM	['SPR', 'SPR']	[0.0, 0.0]	YL28A	YL32A	[1e-11, 1.41e-10]	[1e-11, 1e-11]	4I77_L_YL28A	AB/AG	AB/AG	2	10
169	4I77	4I77_L	Not Mapped	RIM	['SPR', 'SPR']	[0.0, 0.0]	YL28F	YL32F	[1e-11, 1e-11]	[1e-11, 1e-11]	4I77_L_YL28F	AB/AG	AB/AG	2	10
170	4I77	4I77_H	Not Mapped	SUP	['SPR', 'SPR']	[-2.115, -2.115]	WH52A	WH52A	[3.55e-10, 1.36e-09]	[1e-11, 1e-11]	4I77_H_WH52A	AB/AG	AB/AG	2	10
171	4I77	4I77_H	Not Mapped	SUP	['SPR', 'SPR']	[-2.1, -2.1]	WH52F	WH52F	[3.46e-10, 1.17e-09]	[1e-11, 1e-11]	4I77_H_WH52F	AB/AG	AB/AG	2	10
172	4I77	4I77_H	Not Mapped	RIM	['SPR', 'SPR']	[-2.125, -2.125]	DH54A	DH54A	[3.61e-10, 1.57e-09]	[1e-11, 1e-11]	4I77_H_DH54A	AB/AG	AB/AG	2	10
173	1DVF	1DVF_A	P01635	COR	['SPR', 'SPR']	[-2.031, -2.031]	YA32A	YA32A	[3.33e-07, 3.33e-07]	[1.08e-08, 1.08e-08]	1DVF_A_YA32A	AB/AG	AB/AG	1	3
174	1AO7	1AO7_A	P04439	RIM	['SPR', 'SPR']	[-0.357, -0.357]	QA72A	QA72A	[5.24e-06, 9.06e-07]	[2.87e-06, 8.8e-07]	1AO7_A_QA72A	TCR/pMHC	TCR/pMHC,1JCK_A_B	2	1
175	3D3V	3D3V_C	Not Mapped	COR	['SPR', 'SPR']	[-3.414, -3.414]	YC8A	YC8A	[0.000275, 0.000275]	[8.65e-07, 8.65e-07]	3D3V_C_YC8A	TCR/pMHC	TCR/pMHC,1JCK_A_B	2	7
176	3D3V	3D3V_E	P01850	RIM	['SPR', 'SPR']	[-2.115, -2.115]	EE30A	EE30A	[3.07e-05, 0.000467]	[8.65e-07, 2e-06]	3D3V_E_EE30A	TCR/pMHC	TCR/pMHC,1JCK_A_B	2	7
177	1AO7	1AO7_C	P14079	COR	['SPR', 'SPR']	[-3.168, -3.168]	YC8A	YC8A	[0.000638, nan]	[3.04e-06, 9.1e-07]	1AO7_C_YC8A	TCR/pMHC	TCR/pMHC,1JCK_A_B	2	1
178	4I77	4I77_H	Not Mapped	COR	['SPR', 'SPR']	[0.0, 0.0]	YH98F	YH101F	[1e-11, 1e-11]	[1e-11, 1e-11]	4I77_H_YH98F	AB/AG	AB/AG	2	10
179	4I77	4I77_H	Not Mapped	RIM	['SPR', 'SPR']	[0.0, 0.0]	YH97A	YH100A	[1e-11, 1e-11]	[1e-11, 1e-11]	4I77_H_YH97A	AB/AG	AB/AG	2	10
180	4I77	4I77_H	Not Mapped	RIM	['SPR', 'SPR']	[0.0, 0.0]	YH97F	YH100F	[1e-11, 1e-11]	[1e-11, 1e-11]	4I77_H_YH97F	AB/AG	AB/AG	2	10
181	3N85	3N85_H	Not Mapped	COR	['SPR', 'SPR']	[0.015, 0.015]	WH96F	WH100F	[7.7e-10, 7.7e-10]	[7.9e-10, 7.9e-10]	3N85_H_WH96F	AB/AG	AB/AG,3MZW_A_B	2	8
182	3BT1	3BT1_U	Q03405	INT	['SPR', 'SPR']	[-0.42, -0.42]	RU145A	RU143A	[1.85e-09, 2.17e-09]	[9.1e-10, 4.6e-10]	3BT1_U_RU145A		3BT1_A_U	1	7
183	3BT1	3BT1_U	Q03405	INT	['SPR', 'SPR']	[-0.662, -0.662]	HU143A	HU141A	[2.78e-09, 1.35e-09]	[9.1e-10, 4.6e-10]	3BT1_U_HU143A		3BT1_A_U	1	7
184	3BT1	3BT1_U	Q03405	SUR	['SPR', 'SPR']	[-0.363, -0.363]	RU142A	RU140A	[1.68e-09, 1.79e-09]	[9.1e-10, 4.6e-10]	3BT1_U_RU142A		3BT1_A_U	1	7
185	3BT1	3BT1_U	Q03405	RIM	['SPR', 'SPR']	[-0.674, -0.674]	KU139A	KU137A	[2.84e-09, 1.31e-09]	[9.1e-10, 4.6e-10]	3BT1_U_KU139A		3BT1_A_U	1	7
186	3BT1	3BT1_U	Q03405	INT	['SPR', 'SPR']	[0.288, 0.288]	RU137A	RU135A	[5.6e-10, 7e-10]	[9.1e-10, 4.6e-10]	3BT1_U_RU137A		3BT1_A_U	1	7
187	1FSS	1FSS_B	P0C1Z0	RIM	['IASP', 'IASP']	[-1.083, -1.083]	KB32R	KB32R	[2.3e-09, 2.3e-09]	[3.7e-10, 3.1e-10]	1FSS_B_KB32R		1FSS_A_B,1B41_A_B,1MAH_A_F	2	3
188	1FSS	1FSS_B	P0C1Z0	RIM	['IASP', 'IASP']	[1.488, 1.488]	HB29R	HB29R	[3e-11, 5.2e-11]	[3.7e-10, 3.1e-10]	1FSS_B_HB29R		1FSS_A_B,1B41_A_B,1MAH_A_F	2	3
189	1DVF	1DVF_B	P01820	COR	['SPR', 'SPR']	[-1.163, -1.163]	NB56A	NB56A	[7.69e-08, 7.69e-08]	[1.08e-08, 1.08e-08]	1DVF_B_NB56A	AB/AG	AB/AG	1	3
190	1DVF	1DVF_B	P01820	RIM	['SPR', 'SPR']	[-4.283, -4.283]	DB54A	DB54A	[1.49e-05, 1.49e-05]	[1.08e-08, 1.08e-08]	1DVF_B_DB54A	AB/AG	AB/AG	1	3
191	1DVF	1DVF_B	P01820	COR	['SPR', 'SPR']	[-4.135, -4.135]	WB52A	WB52A	[1.16e-05, 1.16e-05]	[1.08e-08, 1.08e-08]	1DVF_B_WB52A	AB/AG	AB/AG	1	3
192	1JCK	1JCK_B	P0A0L5	SUP	['SPR', 'SE']	[-2.077, -2.077]	QB210A	QB210A	[nan, 0.00015]	[3e-06, 4.5e-06]	1JCK_B_QB210A		1JCK_A_B,1SBB_A_B,3QDJ_ABC_DE,3QDG_ABC_DE,4L3E_ABC_DE,4JFF_ABC_DE,4JFD_ABC_DE,4JFE_ABC_DE,2P5E_ABC_DE,2PYE_ABC_DE,2BNR_ABC_DE,2BNQ_ABC_DE,1AO7_ABC_DE,4FTV_ABC_DE,3D3V_ABC_DE,3QFJ_ABC_DE,3QIB_ABP_CD,1QSE_ABC_DE,1QRN_ABC_DE,1QSF_ABC_DE,3H9S_ABC_DE,3PWP_ABC_DE,1LP9_ABC_EF,2UWE_ABC_EF,2JCC_ABC_EF,2J8U_ABC_EF,4OZG_ABJ_GH,1MI5_ABC_DE,3HG1_ABC_DE,4P23_CD_AB,4P5T_CD_AB,1BD2_ABC_DE,2AK4_ABC_DE,2VLR_ABC_DE,1OGA_ABC_DE,2E7L_EQ_AD,3C60_CD_AB,2OI9_AQ_BC	2	3
193	1JCK	1JCK_B	P0A0L5	RIM	['SPR', 'SE']	[-2.134, -2.134]	FB176A	FB176A	[0.00011, 9.2e-05]	[3e-06, 4.5e-06]	1JCK_B_FB176A		1JCK_A_B,1SBB_A_B,3QDJ_ABC_DE,3QDG_ABC_DE,4L3E_ABC_DE,4JFF_ABC_DE,4JFD_ABC_DE,4JFE_ABC_DE,2P5E_ABC_DE,2PYE_ABC_DE,2BNR_ABC_DE,2BNQ_ABC_DE,1AO7_ABC_DE,4FTV_ABC_DE,3D3V_ABC_DE,3QFJ_ABC_DE,3QIB_ABP_CD,1QSE_ABC_DE,1QRN_ABC_DE,1QSF_ABC_DE,3H9S_ABC_DE,3PWP_ABC_DE,1LP9_ABC_EF,2UWE_ABC_EF,2JCC_ABC_EF,2J8U_ABC_EF,4OZG_ABJ_GH,1MI5_ABC_DE,3HG1_ABC_DE,4P23_CD_AB,4P5T_CD_AB,1BD2_ABC_DE,2AK4_ABC_DE,2VLR_ABC_DE,1OGA_ABC_DE,2E7L_EQ_AD,3C60_CD_AB,2OI9_AQ_BC	1	3
194	1JCK	1JCK_B	P0A0L5	INT	['SPR', 'SE']	[-0.677, -0.677]	KB103A	KB103A	[9.4e-06, 5.6e-06]	[3e-06, 4.5e-06]	1JCK_B_KB103A		1JCK_A_B,1SBB_A_B,3QDJ_ABC_DE,3QDG_ABC_DE,4L3E_ABC_DE,4JFF_ABC_DE,4JFD_ABC_DE,4JFE_ABC_DE,2P5E_ABC_DE,2PYE_ABC_DE,2BNR_ABC_DE,2BNQ_ABC_DE,1AO7_ABC_DE,4FTV_ABC_DE,3D3V_ABC_DE,3QFJ_ABC_DE,3QIB_ABP_CD,1QSE_ABC_DE,1QRN_ABC_DE,1QSF_ABC_DE,3H9S_ABC_DE,3PWP_ABC_DE,1LP9_ABC_EF,2UWE_ABC_EF,2JCC_ABC_EF,2J8U_ABC_EF,4OZG_ABJ_GH,1MI5_ABC_DE,3HG1_ABC_DE,4P23_CD_AB,4P5T_CD_AB,1BD2_ABC_DE,2AK4_ABC_DE,2VLR_ABC_DE,1OGA_ABC_DE,2E7L_EQ_AD,3C60_CD_AB,2OI9_AQ_BC	1	3
195	1JCK	1JCK_B	P0A0L5	COR	['SPR', 'SE']	[-2.233, -2.233]	VB91A	VB91A	[0.00013, 0.000117]	[3e-06, 4.5e-06]	1JCK_B_VB91A		1JCK_A_B,1SBB_A_B,3QDJ_ABC_DE,3QDG_ABC_DE,4L3E_ABC_DE,4JFF_ABC_DE,4JFD_ABC_DE,4JFE_ABC_DE,2P5E_ABC_DE,2PYE_ABC_DE,2BNR_ABC_DE,2BNQ_ABC_DE,1AO7_ABC_DE,4FTV_ABC_DE,3D3V_ABC_DE,3QFJ_ABC_DE,3QIB_ABP_CD,1QSE_ABC_DE,1QRN_ABC_DE,1QSF_ABC_DE,3H9S_ABC_DE,3PWP_ABC_DE,1LP9_ABC_EF,2UWE_ABC_EF,2JCC_ABC_EF,2J8U_ABC_EF,4OZG_ABJ_GH,1MI5_ABC_DE,3HG1_ABC_DE,4P23_CD_AB,4P5T_CD_AB,1BD2_ABC_DE,2AK4_ABC_DE,2VLR_ABC_DE,1OGA_ABC_DE,2E7L_EQ_AD,3C60_CD_AB,2OI9_AQ_BC	1	3
196	1JCK	1JCK_B	P0A0L5	COR	['SPR', 'SE']	[-2.596, -2.596]	YB90A	YB90A	[0.00024, 0.00015]	[3e-06, 4.5e-06]	1JCK_B_YB90A		1JCK_A_B,1SBB_A_B,3QDJ_ABC_DE,3QDG_ABC_DE,4L3E_ABC_DE,4JFF_ABC_DE,4JFD_ABC_DE,4JFE_ABC_DE,2P5E_ABC_DE,2PYE_ABC_DE,2BNR_ABC_DE,2BNQ_ABC_DE,1AO7_ABC_DE,4FTV_ABC_DE,3D3V_ABC_DE,3QFJ_ABC_DE,3QIB_ABP_CD,1QSE_ABC_DE,1QRN_ABC_DE,1QSF_ABC_DE,3H9S_ABC_DE,3PWP_ABC_DE,1LP9_ABC_EF,2UWE_ABC_EF,2JCC_ABC_EF,2J8U_ABC_EF,4OZG_ABJ_GH,1MI5_ABC_DE,3HG1_ABC_DE,4P23_CD_AB,4P5T_CD_AB,1BD2_ABC_DE,2AK4_ABC_DE,2VLR_ABC_DE,1OGA_ABC_DE,2E7L_EQ_AD,3C60_CD_AB,2OI9_AQ_BC	1	3
197	1JCK	1JCK_B	P0A0L5	RIM	['SPR', 'SE']	[-1.643, -1.643]	NB60A	NB60A	[4.8e-05, 2.5e-05]	[3e-06, 4.5e-06]	1JCK_B_NB60A		1JCK_A_B,1SBB_A_B,3QDJ_ABC_DE,3QDG_ABC_DE,4L3E_ABC_DE,4JFF_ABC_DE,4JFD_ABC_DE,4JFE_ABC_DE,2P5E_ABC_DE,2PYE_ABC_DE,2BNR_ABC_DE,2BNQ_ABC_DE,1AO7_ABC_DE,4FTV_ABC_DE,3D3V_ABC_DE,3QFJ_ABC_DE,3QIB_ABP_CD,1QSE_ABC_DE,1QRN_ABC_DE,1QSF_ABC_DE,3H9S_ABC_DE,3PWP_ABC_DE,1LP9_ABC_EF,2UWE_ABC_EF,2JCC_ABC_EF,2J8U_ABC_EF,4OZG_ABJ_GH,1MI5_ABC_DE,3HG1_ABC_DE,4P23_CD_AB,4P5T_CD_AB,1BD2_ABC_DE,2AK4_ABC_DE,2VLR_ABC_DE,1OGA_ABC_DE,2E7L_EQ_AD,3C60_CD_AB,2OI9_AQ_BC	1	3
198	1JCK	1JCK_B	P0A0L5	COR	['SPR', 'SE']	[-1.775, -1.775]	YB26A	YB26A	[6e-05, 8.6e-05]	[3e-06, 4.5e-06]	1JCK_B_YB26A		1JCK_A_B,1SBB_A_B,3QDJ_ABC_DE,3QDG_ABC_DE,4L3E_ABC_DE,4JFF_ABC_DE,4JFD_ABC_DE,4JFE_ABC_DE,2P5E_ABC_DE,2PYE_ABC_DE,2BNR_ABC_DE,2BNQ_ABC_DE,1AO7_ABC_DE,4FTV_ABC_DE,3D3V_ABC_DE,3QFJ_ABC_DE,3QIB_ABP_CD,1QSE_ABC_DE,1QRN_ABC_DE,1QSF_ABC_DE,3H9S_ABC_DE,3PWP_ABC_DE,1LP9_ABC_EF,2UWE_ABC_EF,2JCC_ABC_EF,2J8U_ABC_EF,4OZG_ABJ_GH,1MI5_ABC_DE,3HG1_ABC_DE,4P23_CD_AB,4P5T_CD_AB,1BD2_ABC_DE,2AK4_ABC_DE,2VLR_ABC_DE,1OGA_ABC_DE,2E7L_EQ_AD,3C60_CD_AB,2OI9_AQ_BC	1	3
199	3S9D	3S9D_B	P48551	SUR	['SP', 'SPR']	[-0.38, -0.38]	KB53A	KB42A	[1.9e-08, 8.11e-09]	[1e-08, 3e-09]	3S9D_B_KB53A		3S9D_A_B,3SE3_B_C,3SE4_B_C	2	8
200	3S9D	3S9D_B	P48551	RIM	['SP', 'SPR']	[-0.199, -0.199]	EB50A	EB39A	[1.4e-08, 4.29e-09]	[1e-08, 3e-09]	3S9D_B_EB50A		3S9D_A_B,3SE3_B_C,3SE4_B_C	2	8
201	3S9D	3S9D_B	P48551	RIM	['SP', 'SPR']	[-0.314, -0.314]	KB48A	KB37A	[1.7e-08, 9.68e-09]	[1e-08, 3e-09]	3S9D_B_KB48A		3S9D_A_B,3SE3_B_C,3SE4_B_C	2	8
202	3S9D	3S9D_B	P48551	COR	['SP', 'SPR']	[-0.467, -0.467]	SB47A	SB36A	[2.2e-08, 7.5e-09]	[1e-08, 3e-09]	3S9D_B_SB47A		3S9D_A_B,3SE3_B_C,3SE4_B_C	2	8
203	3S9D	3S9D_B	P48551	COR	['SP', 'SPR']	[-3.682, -3.682]	MB46A	MB35A	[5e-06, 1.5e-07]	[1e-08, 3e-09]	3S9D_B_MB46A		3S9D_A_B,3SE3_B_C,3SE4_B_C	2	8
204	1DVF	1DVF_A	P01635	SUP	['SPR', 'SPR']	[-1.629, -1.629]	YA49A	YA49A	[1.69e-07, 2e-07]	[1.08e-08, 1.08e-08]	1DVF_A_YA49A	AB/AG	AB/AG	1	3
205	1VFB	1VFB_B	P01820	RIM	['SPR', 'SPR']	[-0.639, -0.639]	DB54A	DB54A	[5.88e-08, 6.67e-08]	[2e-08, 1.25e-08]	1VFB_B_DB54A	AB/AG	AB/AG	1	5
206	1VFB	1VFB_B	P01820	COR	['SPR', 'SPR']	[-0.364, -0.364]	WB52A	WB52A	[3.7e-08, 5.88e-08]	[2e-08, 1.25e-08]	1VFB_B_WB52A	AB/AG	AB/AG	1	5
207	1VFB	1VFB_B	P01820	COR	['SPR', 'SPR']	[-0.46, -0.46]	YB32A	YB32A	[4.35e-08, 8.33e-08]	[2e-08, 1.25e-08]	1VFB_B_YB32A	AB/AG	AB/AG	1	5
208	1AO7	1AO7_D	A0A075B6T6,P01848	COR	['SPR', 'SPR']	[0.475, 0.475]	SD100A	SD94A	[1.26e-06, 2.1e-06]	[2.81e-06, 2.1e-06]	1AO7_D_SD100A	TCR/pMHC	TCR/pMHC,1JCK_A_B	2	1
209	4FTV	4FTV_A	P04439	RIM	['SPR', 'SPR']	[-3.827, -3.827]	RA65A	RA65A	[0.00136, 0.000624]	[2.13e-06, 2.87e-06]	4FTV_A_RA65A	TCR/pMHC	TCR/pMHC,1JCK_A_B	2	9
210	4FTV	4FTV_D	Not Mapped	COR	['SPR', 'SPR']	[-1.014, -1.014]	DD99A	DD93A	[1.18e-05, 1.07e-05]	[2.13e-06, 2.87e-06]	4FTV_D_DD99A	TCR/pMHC	TCR/pMHC,1JCK_A_B	2	9
211	1VFB	1VFB_A	P01635	COR	['SPR', 'SPR']	[-1.34, -1.34]	YA32A	YA32A	[1.92e-07, 2.27e-07]	[2e-08, 1.25e-08]	1VFB_A_YA32A	AB/AG	AB/AG	1	5
212	1DVF	1DVF_B	P01820	RIM	['SPR', 'SPR']	[-2.791, -2.791]	DB100A	DB100A	[1.2e-06, 1.2e-06]	[1.08e-08, 1.08e-08]	1DVF_B_DB100A	AB/AG	AB/AG	1	3
213	1DVF	1DVF_B	P01820	SUP	['SPR', 'SPR']	[-4.189, -4.189]	EB98A	EB98A	[1.27e-05, 1.27e-05]	[1.08e-08, 1.08e-08]	1DVF_B_EB98A	AB/AG	AB/AG	1	3
214	1DVF	1DVF_B	P01820	COR	['SPR', 'SPR']	[-1.601, -1.601]	DB58A	DB58A	[1.61e-07, 1.61e-07]	[1.08e-08, 1.08e-08]	1DVF_B_DB58A	AB/AG	AB/AG	1	3
215	1AO7	1AO7_D	A0A075B6T6,P01848	COR	['SPR', 'SPR']	[-1.292, -1.292]	KD68A	KD66A	[2.09e-05, 1.72e-05]	[2.36e-06, 2.55e-06]	1AO7_D_KD68A	TCR/pMHC	TCR/pMHC,1JCK_A_B	2	1
216	1AO7	1AO7_D	A0A075B6T6,P01848	COR	['SPR', 'SPR']	[-0.498, -0.498]	YD50A	YD50A	[6.68e-06, 1.05e-05]	[2.88e-06, 4.64e-06]	1AO7_D_YD50A	TCR/pMHC	TCR/pMHC,1JCK_A_B	2	1
217	2J8U	2J8U_A	P04439	SUP	['SPR', 'ITC']	[0.728, 0.728]	AA66K	AA66K	[9.3e-06, 1e-06]	[3.18e-05, 7e-06]	2J8U_A_AA66K	TCR/pMHC	TCR/pMHC,1JCK_A_B	2	6
218	1LP9	1LP9_A	P04439	SUP	['SPR', 'ITC']	[-0.728, -0.728]	KA66A	KA66A	[3.18e-05, 7e-06]	[9.3e-06, 1e-06]	1LP9_A_KA66A	TCR/pMHC	TCR/pMHC,1JCK_A_B	2	4
219	1AO7	1AO7_E	P01850	COR	['SPR', 'SPR']	[0.341, 0.341]	GE100S	GE97S	[1.8e-06, 1.24e-06]	[3.2e-06, 2.1e-06]	1AO7_E_GE100S	TCR/pMHC	TCR/pMHC,1JCK_A_B	2	1
220	1AO7	1AO7_E	P01850	RIM	['SPR', 'SPR']	[0.309, 0.309]	AE99M	AE96M	[1.9e-06, 1.24e-06]	[3.2e-06, 2.1e-06]	1AO7_E_AE99M	TCR/pMHC	TCR/pMHC,1JCK_A_B	2	1
221	1OGA	1OGA_E	P01850	COR	['SPR', 'ITC']	[-0.495, -0.495]	QE58A	QE54A	[1.2e-05, 1.22e-05]	[5.2e-06, 5.24e-06]	1OGA_E_QE58A	TCR/pMHC	TCR/pMHC,1JCK_A_B	1	4
222	1OGA	1OGA_E	P01850	COR	['SPR', 'ITC']	[-0.132, -0.132]	DE56A	DE52A	[6.5e-06, 6.21e-06]	[5.2e-06, 5.24e-06]	1OGA_E_DE56A	TCR/pMHC	TCR/pMHC,1JCK_A_B	1	4
223	1OGA	1OGA_E	P01850	RIM	['SPR', 'ITC']	[-1.13, -1.13]	NE55A	NE51A	[3.5e-05, 3.36e-05]	[5.2e-06, 5.24e-06]	1OGA_E_NE55A	TCR/pMHC	TCR/pMHC,1JCK_A_B	1	4
224	1OGA	1OGA_E	P01850	COR	['SPR', 'ITC']	[-0.201, -0.201]	IE53V	IE49V	[7.3e-06, 7.35e-06]	[5.2e-06, 5.24e-06]	1OGA_E_IE53V	TCR/pMHC	TCR/pMHC,1JCK_A_B	1	4
225	2VLR	2VLR_E	P01850	SUP	['SPR', 'ITC']	[-0.035, -0.035]	AE99S	AE95S	[5.2e-06, 5.24e-06]	[4.9e-06, 5.24e-06]	2VLR_E_AE99S	TCR/pMHC	TCR/pMHC,1JCK_A_B	1	7
226	3SGB	3SGB_I	P68390	COR	['FL', 'FL']	[-2.728, -2.728]	GI32V	GI26V	[1.79e-09, 2.5e-09]	[1.79e-11, 1.79e-11]	3SGB_I_GI32V	Pr/PI	Pr/PI	1	9
227	3SGB	3SGB_I	P68390	COR	['FL', 'FL']	[-1.223, -1.223]	GI32A	GI26A	[1.41e-10, 1.79e-10]	[1.79e-11, 1.79e-11]	3SGB_I_GI32A	Pr/PI	Pr/PI	1	9
228	1R0R	1R0R_I	P68390	SUP	['FL', 'FL']	[-1.934, -1.934]	GI32V	GI27V	[7.69e-10, 8.33e-10]	[2.94e-11, 2.94e-11]	1R0R_I_GI32V	Pr/PI	Pr/PI	1	5
229	1AO7	1AO7_D	A0A075B6T6,P01848	COR	['SPR', 'SPR']	[0.167, 0.167]	QD30V	QD30V	[2e-06, 2e-06]	[2.65e-06, 2.06e-06]	1AO7_D_QD30V	TCR/pMHC	TCR/pMHC,1JCK_A_B	2	1
230	1AO7	1AO7_D	A0A075B6T6,P01848	COR	['SPR', 'SPR']	[-1.834, -1.834]	QD30L	QD30L	[5.92e-05, 3.04e-05]	[2.68e-06, 2.27e-06]	1AO7_D_QD30L	TCR/pMHC	TCR/pMHC,1JCK_A_B	2	1
231	1AO7	1AO7_A	P04439	RIM	['SPR', 'SPR']	[0.264, 0.264]	RA170A	RA170A	[1.41e-06, 1.06e-06]	[2.2e-06, 8.8e-07]	1AO7_A_RA170A	TCR/pMHC	TCR/pMHC,1JCK_A_B	2	1
232	1AO7	1AO7_D	A0A075B6T6,P01848	RIM	['SPR', 'SPR']	[-0.547, -0.547]	RD27A	RD27A	[4.88e-06, 4.58e-06]	[1.94e-06, 2.2e-06]	1AO7_D_RD27A	TCR/pMHC	TCR/pMHC,1JCK_A_B	2	1
233	1AO7	1AO7_A	P04439	RIM	['SPR', 'SPR']	[0.72, 0.72]	EA58A	EA58A	[1.08e-06, 5.72e-07]	[3.64e-06, 8.8e-07]	1AO7_A_EA58A	TCR/pMHC	TCR/pMHC,1JCK_A_B	2	1
234	1BD2	1BD2_D	P01848,P04437	COR	['SPR', 'SPR']	[-1.919, -1.919]	DD30N	DD30N	[3.65e-05, 3.5e-05]	[1.43e-06, 1.29e-06]	1BD2_D_DD30N	TCR/pMHC	TCR/pMHC,1JCK_A_B	2	1
235	1VFB	1VFB_B	P01820	COR	['SPR', 'SPR']	[-0.954, -0.954]	YB101F	YB101F	[1e-07, 1.82e-07]	[2e-08, 1.25e-08]	1VFB_B_YB101F	AB/AG	AB/AG	1	5
236	1VFB	1VFB_B	P01820	COR	['SPR', 'SPR']	[-3.072, -3.072]	DB100A	DB100A	[3.57e-06, 1.79e-06]	[2e-08, 1.25e-08]	1VFB_B_DB100A	AB/AG	AB/AG	1	5
237	2GOX	2GOX_B	P68799	COR	['SPR', 'ITC']	[-2.247, -2.247]	RB131A	RB31A	[6.21e-08, 2.6e-08]	[1.4e-09, 2e-09]	2GOX_B_RB131A		2GOX_A_B,3D5S_A_C,3D5R_A_C,2NOJ_A_B	1	6
238	3SGB	3SGB_I	P68390	COR	['FL', 'FL']	[-1.714, -1.714]	YI20H	YI14H	[3.23e-10, 1.92e-10]	[1.79e-11, 1.79e-11]	3SGB_I_YI20H	Pr/PI	Pr/PI	1	9
239	3SGB	3SGB_I	P68390	COR	['FL', 'FL']	[-2.912, -2.912]	YI20D	YI14D	[2.44e-09, 2.08e-09]	[1.79e-11, 1.79e-11]	3SGB_I_YI20D	Pr/PI	Pr/PI	1	9
240	1R0R	1R0R_I	P68390	COR	['FL', 'FL']	[-3.471, -3.471]	YI20H	YI15H	[1.03e-08, 5e-09]	[2.94e-11, 2.94e-11]	1R0R_I_YI20H	Pr/PI	Pr/PI	1	5
241	1R0R	1R0R_I	P68390	COR	['FL', 'FL']	[-5.771, -5.771]	YI20D	YI15D	[5e-07, 3.03e-07]	[2.94e-11, 2.94e-11]	1R0R_I_YI20D	Pr/PI	Pr/PI	1	5
242	1PPF	1PPF_I	P68390	COR	['FL', 'FL']	[-2.379, -2.379]	YI20H	YI20H	[9.09e-09, 1.03e-08]	[1.64e-10, 1.64e-10]	1PPF_I_YI20H	Pr/PI	Pr/PI	1	5
243	1CHO	1CHO_I	P68390	COR	['FL', 'FL']	[-1.589, -1.589]	YI20H	YI17H	[7.69e-11, 5.88e-11]	[5.26e-12, 5.26e-12]	1CHO_I_YI20H	Pr/PI	Pr/PI	1	2
244	1CHO	1CHO_I	P68390	COR	['FL', 'FL']	[-6.296, -6.296]	YI20D	YI17D	[2.17e-07, 1.59e-07]	[5.26e-12, 5.26e-12]	1CHO_I_YI20D	Pr/PI	Pr/PI	1	2
245	1VFB	1VFB_A	P01635	COR	['SPR', 'SPR']	[-2.728, -2.728]	WA92A	WA92A	[2e-06, 3.57e-06]	[2e-08, 1.25e-08]	1VFB_A_WA92A	AB/AG	AB/AG	1	5
246	1VFB	1VFB_A	P01635	COR	['SPR', 'SPR']	[-0.388, -0.388]	YA50A	YA50A	[3.85e-08, 3.03e-08]	[2e-08, 1.25e-08]	1VFB_A_YA50A	AB/AG	AB/AG	1	5
247	1OGA	1OGA_D	P01848	INT	['SPR', 'ITC']	[-0.976, -0.976]	QD34A	QD32A	[2.7e-05, 2.84e-05]	[5.2e-06, 5.24e-06]	1OGA_D_QD34A	TCR/pMHC	TCR/pMHC,1JCK_A_B	1	4
248	1OGA	1OGA_D	P01848	SUP	['SPR', 'ITC']	[-1.038, -1.038]	SD32A	SD30A	[3e-05, 2.84e-05]	[5.2e-06, 5.24e-06]	1OGA_D_SD32A	TCR/pMHC	TCR/pMHC,1JCK_A_B	1	4
249	1OGA	1OGA_E	P01850	COR	['SPR', 'ITC']	[-0.495, -0.495]	YE101F	YE97F	[1.2e-05, 1.22e-05]	[5.2e-06, 5.24e-06]	1OGA_E_YE101F	TCR/pMHC	TCR/pMHC,1JCK_A_B	1	4
250	1OGA	1OGA_E	P01850	COR	['SPR', 'ITC']	[-0.233, -0.233]	YE101A	YE97A	[7.7e-06, 7.35e-06]	[5.2e-06, 5.24e-06]	1OGA_E_YE101A	TCR/pMHC	TCR/pMHC,1JCK_A_B	1	4
251	1OGA	1OGA_E	P01850	SUP	['SPR', 'ITC']	[0.035, 0.035]	SE99A	SE95A	[4.9e-06, 5.24e-06]	[5.2e-06, 5.24e-06]	1OGA_E_SE99A	TCR/pMHC	TCR/pMHC,1JCK_A_B	1	4
252	1OGA	1OGA_E	P01850	COR	['SPR', 'ITC']	[0.0, 0.0]	QE58E	QE54E	[5.2e-06, 5.24e-06]	[5.2e-06, 5.24e-06]	1OGA_E_QE58E	TCR/pMHC	TCR/pMHC,1JCK_A_B	1	4
253	1R0R	1R0R_I	P68390	COR	['FL', 'FL']	[-0.89, -0.89]	TI17S	TI12S	[1.32e-10, 1.19e-10]	[2.94e-11, 2.94e-11]	1R0R_I_TI17S	Pr/PI	Pr/PI	1	5
254	1R0R	1R0R_I	P68390	COR	['FL', 'FL']	[-1.173, -1.173]	TI17A	TI12A	[2.13e-10, 1.11e-10]	[2.94e-11, 2.94e-11]	1R0R_I_TI17A	Pr/PI	Pr/PI	1	5
255	1PPF	1PPF_I	P68390	COR	['FL', 'FL']	[-3.041, -3.041]	TI17E	TI17E	[2.78e-08, 2.94e-08]	[1.64e-10, 1.64e-10]	1PPF_I_TI17E	Pr/PI	Pr/PI	1	5
256	1PPF	1PPF_I	P68390	COR	['FL', 'FL']	[-1.482, -1.482]	TI17V	TI17V	[2e-09, 2.22e-09]	[1.64e-10, 1.64e-10]	1PPF_I_TI17V	Pr/PI	Pr/PI	1	5
257	1PPF	1PPF_I	P68390	COR	['FL', 'FL']	[-1.505, -1.505]	TI17S	TI17S	[2.08e-09, 2.27e-09]	[1.64e-10, 1.64e-10]	1PPF_I_TI17S	Pr/PI	Pr/PI	1	5
258	1PPF	1PPF_I	P68390	COR	['FL', 'FL']	[-3.485, -3.485]	TI17A	TI17A	[5.88e-08, 2.17e-08]	[1.64e-10, 1.64e-10]	1PPF_I_TI17A	Pr/PI	Pr/PI	1	5
259	1CHO	1CHO_I	P68390	COR	['FL', 'FL']	[-6.426, -6.426]	TI17E	TI14E	[2.7e-07, 2.04e-08]	[5.26e-12, 5.26e-12]	1CHO_I_TI17E	Pr/PI	Pr/PI	1	2
260	1CHO	1CHO_I	P68390	COR	['FL', 'FL']	[-3.581, -3.581]	TI17V	TI14V	[2.22e-09, 1.32e-09]	[5.26e-12, 5.26e-12]	1CHO_I_TI17V	Pr/PI	Pr/PI	1	2
261	1R0R	1R0R_I	P68390	SUP	['FL', 'FL']	[-1.298, -1.298]	GI32A	GI27A	[2.63e-10, 2.78e-10]	[2.94e-11, 2.94e-11]	1R0R_I_GI32A	Pr/PI	Pr/PI	1	5
262	1PPF	1PPF_I	P68390	COR	['FL', 'FL']	[-2.553, -2.553]	GI32V	GI32V	[1.22e-08, 1.2e-08]	[1.64e-10, 1.64e-10]	1PPF_I_GI32V	Pr/PI	Pr/PI	1	4
263	1PPF	1PPF_I	P68390	COR	['FL', 'FL']	[-0.235, -0.235]	GI32A	GI32A	[2.44e-10, 2.63e-10]	[1.64e-10, 1.64e-10]	1PPF_I_GI32A	Pr/PI	Pr/PI	1	4
264	1CHO	1CHO_I	P68390	SUP	['FL', 'FL']	[-0.702, -0.702]	GI32V	GI29V	[1.72e-11, 1.43e-11]	[5.26e-12, 5.26e-12]	1CHO_I_GI32V	Pr/PI	Pr/PI	1	2
265	1CHO	1CHO_I	P68390	SUP	['FL', 'FL']	[1.092, 1.092]	GI32A	GI29A	[8.33e-13, 1.43e-12]	[5.26e-12, 5.26e-12]	1CHO_I_GI32A	Pr/PI	Pr/PI	1	2
266	3D5R	3D5R_C	A6QG59	COR	['SPR', 'ITC']	[1.57, 1.57]	AC48N	AC38N	[1.4e-09, 2e-09]	[1.98e-08, 1.9e-08]	3D5R_C_AC48N		2GOX_A_B,3D5S_A_C,3D5R_A_C,2NOJ_A_B	1	7
267	3D5S	3D5S_C	A6QG59	COR	['SPR', 'ITC']	[2.247, 2.247]	AC41R	AC31R	[1.4e-09, 2e-09]	[6.21e-08, 2.6e-08]	3D5S_C_AC41R		2GOX_A_B,3D5S_A_C,3D5R_A_C,2NOJ_A_B	1	7
268	2GOX	2GOX_B	P68799	COR	['SPR', 'ITC']	[-1.57, -1.57]	NB138A	NB38A	[1.98e-08, 1.9e-08]	[1.4e-09, 2e-09]	2GOX_B_NB138A		2GOX_A_B,3D5S_A_C,3D5R_A_C,2NOJ_A_B	1	6
269	2WPT	2WPT_B	P09883	SUP	['RA', 'RA']	[-0.9, -0.9]	QB92A	QB85A	[5.94e-08, 1.2e-07]	[1.3e-08, 1.5e-07]	2WPT_B_QB92A		2WPT_A_B,2VLP_A_B,2VLN_A_B,2VLQ_A_B,2VLO_A_B,1EMV_A_B,1FR2_A_B,2GYK_A_B	1	7
270	2WPT	2WPT_B	P09883	SUP	['RA', 'RA']	[-0.526, -0.526]	TB87A	TB80A	[3.16e-08, 2.2e-07]	[1.3e-08, 1.5e-07]	2WPT_B_TB87A		2WPT_A_B,2VLP_A_B,2VLN_A_B,2VLQ_A_B,2VLO_A_B,1EMV_A_B,1FR2_A_B,2GYK_A_B	1	7
271	2WPT	2WPT_B	P09883	SUP	['RA', 'RA']	[0.15, 0.15]	SB78A	SB71A	[1.01e-08, 1.4e-07]	[1.3e-08, 1.5e-07]	2WPT_B_SB78A		2WPT_A_B,2VLP_A_B,2VLN_A_B,2VLQ_A_B,2VLO_A_B,1EMV_A_B,1FR2_A_B,2GYK_A_B	1	7
272	2WPT	2WPT_B	P09883	COR	['RA', 'RA']	[0.612, 0.612]	SB77A	SB70A	[4.63e-09, 9e-08]	[1.3e-08, 1.5e-07]	2WPT_B_SB77A		2WPT_A_B,2VLP_A_B,2VLN_A_B,2VLQ_A_B,2VLO_A_B,1EMV_A_B,1FR2_A_B,2GYK_A_B	1	7
273	2WPT	2WPT_B	P09883	SUP	['RA', 'RA']	[-1.238, -1.238]	NB75A	NB68A	[1.05e-07, 1.27e-06]	[1.3e-08, 1.5e-07]	2WPT_B_NB75A		2WPT_A_B,2VLP_A_B,2VLN_A_B,2VLQ_A_B,2VLO_A_B,1EMV_A_B,1FR2_A_B,2GYK_A_B	1	7
274	2WPT	2WPT_B	P09883	COR	['RA', 'RA']	[0.849, 0.849]	SB74A	SB67A	[3.1e-09, 4e-07]	[1.3e-08, 1.5e-07]	2WPT_B_SB74A		2WPT_A_B,2VLP_A_B,2VLN_A_B,2VLQ_A_B,2VLO_A_B,1EMV_A_B,1FR2_A_B,2GYK_A_B	1	7
275	2WPT	2WPT_B	P09883	COR	['RA', 'RA']	[-0.918, -0.918]	NB72A	NB65A	[6.12e-08, 3.4e-07]	[1.3e-08, 1.5e-07]	2WPT_B_NB72A		2WPT_A_B,2VLP_A_B,2VLN_A_B,2VLQ_A_B,2VLO_A_B,1EMV_A_B,1FR2_A_B,2GYK_A_B	1	7
276	2WPT	2WPT_B	P09883	COR	['RA', 'RA']	[-1.134, -1.134]	RB54A	RB47A	[8.82e-08, 4.2e-07]	[1.3e-08, 1.5e-07]	2WPT_B_RB54A		2WPT_A_B,2VLP_A_B,2VLN_A_B,2VLQ_A_B,2VLO_A_B,1EMV_A_B,1FR2_A_B,2GYK_A_B	1	7
277	3SGB	3SGB_I	P68390	COR	['FL', 'FL']	[-4.797, -4.797]	TI17E	TI11E	[5.88e-08, 3.33e-08]	[1.79e-11, 1.79e-11]	3SGB_I_TI17E	Pr/PI	Pr/PI	1	9
278	3SGB	3SGB_I	P68390	COR	['FL', 'FL']	[-2.548, -2.548]	TI17V	TI11V	[1.32e-09, 5e-10]	[1.79e-11, 1.79e-11]	3SGB_I_TI17V	Pr/PI	Pr/PI	1	9
279	3SGB	3SGB_I	P68390	COR	['FL', 'FL']	[-2.466, -2.466]	TI17S	TI11S	[1.15e-09, 1.3e-09]	[1.79e-11, 1.79e-11]	3SGB_I_TI17S	Pr/PI	Pr/PI	1	9
280	3SGB	3SGB_I	P68390	COR	['FL', 'FL']	[-3.592, -3.592]	TI17A	TI11A	[7.69e-09, 4.17e-09]	[1.79e-11, 1.79e-11]	3SGB_I_TI17A	Pr/PI	Pr/PI	1	9
281	2WPT	2WPT_A	P04482	COR	['SFFL', 'ITC']	[0.38, 0.38]	NA34A	NA31A	[7.9e-09, 6.49e-07]	[1.5e-08, 8.2e-07]	2WPT_A_NA34A		2WPT_A_B,2VLP_A_B,2VLN_A_B,2VLQ_A_B,2VLO_A_B,1EMV_A_B,1FR2_A_B,2GYK_A_B	1	7
282	2WPT	2WPT_A	P04482	SUP	['SFFL', 'ITC']	[0.132, 0.132]	DA33A	DA30A	[1.2e-08, 7.46e-08]	[1.5e-08, 8.2e-07]	2WPT_A_DA33A		2WPT_A_B,2VLP_A_B,2VLN_A_B,2VLQ_A_B,2VLO_A_B,1EMV_A_B,1FR2_A_B,2GYK_A_B	1	7
283	1R0R	1R0R_I	P68390	COR	['FL', 'FL']	[-3.214, -3.214]	TI17E	TI12E	[6.67e-09, 3.45e-09]	[2.94e-11, 2.94e-11]	1R0R_I_TI17E	Pr/PI	Pr/PI	1	5
284	1R0R	1R0R_I	P68390	COR	['FL', 'FL']	[-0.937, -0.937]	TI17V	TI12V	[1.43e-10, 1.82e-10]	[2.94e-11, 2.94e-11]	1R0R_I_TI17V	Pr/PI	Pr/PI	1	5
285	1R0R	1R0R_I	P68390	COR	['FL', 'FL']	[-2.177, -2.177]	LI18E	LI13E	[1.16e-09, 1.06e-09]	[2.94e-11, 2.94e-11]	1R0R_I_LI18E	Pr/PI	Pr/PI	1	5
286	1R0R	1R0R_I	P68390	COR	['FL', 'FL']	[-0.57, -0.57]	LI18Q	LI13Q	[7.69e-11, 8.33e-11]	[2.94e-11, 2.94e-11]	1R0R_I_LI18Q	Pr/PI	Pr/PI	1	5
287	1R0R	1R0R_I	P68390	COR	['FL', 'FL']	[-3.345, -3.345]	LI18K	LI13K	[8.33e-09, 3.57e-09]	[2.94e-11, 2.94e-11]	1R0R_I_LI18K	Pr/PI	Pr/PI	1	5
288	1R0R	1R0R_I	P68390	COR	['FL', 'FL']	[0.516, 0.516]	LI18M	LI13M	[1.23e-11, 1.23e-11]	[2.94e-11, 2.94e-11]	1R0R_I_LI18M	Pr/PI	Pr/PI	1	5
289	1R0R	1R0R_I	P68390	COR	['FL', 'FL']	[-0.315, -0.315]	LI18A	LI13A	[5e-11, 7.14e-11]	[2.94e-11, 2.94e-11]	1R0R_I_LI18A	Pr/PI	Pr/PI	1	5
290	1PPF	1PPF_I	P68390	COR	['FL', 'FL']	[-7.056, -7.056]	LI18E	LI18E	[2.44e-05, 2.5e-05]	[1.64e-10, 1.64e-10]	1PPF_I_LI18E	Pr/PI	Pr/PI	1	4
291	1PPF	1PPF_I	P68390	COR	['FL', 'FL']	[-3.306, -3.306]	LI18Q	LI18Q	[4.35e-08, 5e-08]	[1.64e-10, 1.64e-10]	1PPF_I_LI18Q	Pr/PI	Pr/PI	1	5
292	1PPF	1PPF_I	P68390	COR	['FL', 'FL']	[-5.736, -5.736]	LI18K	LI18K	[2.63e-06, 2.27e-06]	[1.64e-10, 1.64e-10]	1PPF_I_LI18K	Pr/PI	Pr/PI	1	5
293	1PPF	1PPF_I	P68390	COR	['FL', 'FL']	[-1.258, -1.258]	LI18M	LI18M	[1.37e-09, 1.3e-09]	[1.64e-10, 1.64e-10]	1PPF_I_LI18M	Pr/PI	Pr/PI	1	5
294	1PPF	1PPF_I	P68390	COR	['FL', 'FL']	[-1.071, -1.071]	LI18A	LI18A	[1e-09, 8.33e-10]	[1.64e-10, 1.64e-10]	1PPF_I_LI18A	Pr/PI	Pr/PI	1	4
295	1CHO	1CHO_I	P68390	COR	['FL', 'FL']	[-2.351, -2.351]	TI17S	TI14S	[2.78e-10, 2.78e-10]	[5.26e-12, 5.26e-12]	1CHO_I_TI17S	Pr/PI	Pr/PI	1	2
296	1CHO	1CHO_I	P68390	COR	['FL', 'FL']	[-4.159, -4.159]	TI17A	TI14A	[5.88e-09, 7.69e-09]	[5.26e-12, 5.26e-12]	1CHO_I_TI17A	Pr/PI	Pr/PI	1	2
297	3SGB	3SGB_I	P68390	COR	['FL', 'FL']	[0.785, 0.785]	AI15V	AI9V	[4.76e-12, 5.88e-12]	[1.79e-11, 1.79e-11]	3SGB_I_AI15V	Pr/PI	Pr/PI	1	9
298	1R0R	1R0R_I	P68390	COR	['FL', 'FL']	[0.954, 0.954]	AI15V	AI10V	[5.88e-12, 5.56e-12]	[2.94e-11, 2.94e-11]	1R0R_I_AI15V	Pr/PI	Pr/PI	1	5
299	2WPT	2WPT_B	P09883	SUP	['RA', 'RA']	[-0.119, -0.119]	VB98A	VB91A	[1.59e-08, 3e-07]	[1.3e-08, 1.5e-07]	2WPT_B_VB98A		2WPT_A_B,2VLP_A_B,2VLN_A_B,2VLQ_A_B,2VLO_A_B,1EMV_A_B,1FR2_A_B,2GYK_A_B	1	7
300	2WPT	2WPT_B	P09883	COR	['RA', 'RA']	[-0.497, -0.497]	KB97A	KB90A	[3.01e-08, 5.8e-07]	[1.3e-08, 1.5e-07]	2WPT_B_KB97A		2WPT_A_B,2VLP_A_B,2VLN_A_B,2VLQ_A_B,2VLO_A_B,1EMV_A_B,1FR2_A_B,2GYK_A_B	1	7
301	3HFM	3HFM_Y	P00698	RIM	['IASP', 'IASP']	[-0.24, -0.24]	GY102V	GY102V	[1.95e-10, 1.9e-10]	[1.3e-10, 7.5e-11]	3HFM_Y_GY102V	AB/AG	AB/AG	1	8
302	3HFM	3HFM_Y	P00698	COR	['IASP', 'IASP']	[-1.619, -1.619]	RY21K	RY21K	[2e-09, 1.9e-09]	[1.3e-10, 7.5e-11]	3HFM_Y_RY21K	AB/AG	AB/AG	1	8
303	3HFM	3HFM_Y	P00698	COR	['IASP', 'IASP']	[-2.015, -2.015]	RY21H	RY21H	[3.9e-09, 3.8e-09]	[1.3e-10, 7.5e-11]	3HFM_Y_RY21H	AB/AG	AB/AG	1	8
304	3HFM	3HFM_Y	P00698	COR	['IASP', 'IASP']	[-2.17, -2.17]	RY21N	RY21N	[5.07e-09, 5e-09]	[1.3e-10, 7.5e-11]	3HFM_Y_RY21N	AB/AG	AB/AG	1	8
305	3HFM	3HFM_Y	P00698	COR	['IASP', 'IASP']	[-2.27, -2.27]	RY21G	RY21G	[6e-09, 5.8e-09]	[1.3e-10, 7.5e-11]	3HFM_Y_RY21G	AB/AG	AB/AG	1	8
306	3HFM	3HFM_Y	P00698	COR	['IASP', 'IASP']	[-2.293, -2.293]	RY21E	RY21E	[6.24e-09, 6.2e-09]	[1.3e-10, 7.5e-11]	3HFM_Y_RY21E	AB/AG	AB/AG	1	8
307	3HFM	3HFM_Y	P00698	COR	['IASP', 'IASP']	[-2.242, -2.242]	RY21Q	RY21Q	[5.72e-09, 5.6e-09]	[1.3e-10, 7.5e-11]	3HFM_Y_RY21Q	AB/AG	AB/AG	1	8
308	3HFM	3HFM_Y	P00698	COR	['IASP', 'IASP']	[-1.974, -1.974]	RY21W	RY21W	[3.64e-09, 3.6e-09]	[1.3e-10, 7.5e-11]	3HFM_Y_RY21W	AB/AG	AB/AG	1	8
309	3HFM	3HFM_Y	P00698	COR	['IASP', 'IASP']	[-1.974, -1.974]	DY101K	DY101K	[3.64e-09, 3.5e-09]	[1.3e-10, 7.5e-11]	3HFM_Y_DY101K	AB/AG	AB/AG	1	8
310	3HFM	3HFM_Y	P00698	COR	['IASP', 'IASP']	[-2.17, -2.17]	DY101F	DY101F	[5.07e-09, 5e-09]	[1.3e-10, 7.5e-11]	3HFM_Y_DY101F	AB/AG	AB/AG	1	8
311	1PPF	1PPF_I	P68390	COR	['FL', 'FL']	[-0.208, -0.208]	AI15V	AI15V	[2.33e-10, 2.27e-10]	[1.64e-10, 1.64e-10]	1PPF_I_AI15V	Pr/PI	Pr/PI	1	4
312	1CHO	1CHO_I	P68390	COR	['FL', 'FL']	[-0.954, -0.954]	AI15V	AI12V	[2.63e-11, 2.5e-11]	[5.26e-12, 5.26e-12]	1CHO_I_AI15V	Pr/PI	Pr/PI	1	2
313	3SGB	3SGB_I	P68390	COR	['FL', 'FL']	[-5.983, -5.983]	LI18E	LI12E	[4.35e-07, 8.33e-07]	[1.79e-11, 1.79e-11]	3SGB_I_LI18E	Pr/PI	Pr/PI	1	9
314	3SGB	3SGB_I	P68390	COR	['FL', 'FL']	[-2.604, -2.604]	LI18Q	LI12Q	[1.45e-09, 1.19e-09]	[1.79e-11, 1.79e-11]	3SGB_I_LI18Q	Pr/PI	Pr/PI	1	9
315	3SGB	3SGB_I	P68390	COR	['FL', 'FL']	[-0.43, -0.43]	LI18M	LI12M	[3.7e-11, 4e-11]	[1.79e-11, 1.79e-11]	3SGB_I_LI18M	Pr/PI	Pr/PI	1	9
316	3SGB	3SGB_I	P68390	COR	['FL', 'FL']	[-2.989, -2.989]	LI18A	LI12A	[2.78e-09, 2.63e-09]	[1.79e-11, 1.79e-11]	3SGB_I_LI18A	Pr/PI	Pr/PI	1	9
317	3S9D	3S9D_A	P01563	RIM	['SP', 'SPR']	[-0.124, -0.124]	MA16A	MA9A	[3.7e-09, 3e-09]	[3e-09, 3e-09]	3S9D_A_MA16A		3S9D_A_B,3SE3_B_C,3SE4_B_C	2	8
318	3S9D	3S9D_B	P48551	RIM	['SP', 'SPR']	[0.062, 0.062]	DB138R	DB121R	[9e-09, 2.54e-09]	[1e-08, 3e-09]	3S9D_B_DB138R		3S9D_A_B,3SE3_B_C,3SE4_B_C	2	8
319	3HFM	3HFM_Y	P00698	COR	['SP', 'IASP']	[-1.094, -1.094]	KY97M	KY97M	[1.9e-10, 2.9e-10]	[3e-11, 7.5e-11]	3HFM_Y_KY97M	AB/AG	AB/AG	1	8
320	3HFM	3HFM_Y	P00698	COR	['SP', 'IASP']	[-6.17, -6.17]	KY97A	KY97A	[1e-06, 8.9e-07]	[3e-11, 7.5e-11]	3HFM_Y_KY97A	AB/AG	AB/AG	1	8
321	3HFM	3HFM_Y	P00698	SUP	['SP', 'IASP']	[-6.991, -6.991]	KY96A	KY96A	[4e-06, 4e-06]	[3e-11, 7e-11]	3HFM_Y_KY96A	AB/AG	AB/AG	1	8
322	3HFM	3HFM_Y	P00698	COR	['SP', 'IASP']	[-4.878, -4.878]	YY20A	YY20A	[1.13e-07, 9.5e-08]	[3e-11, 7e-11]	3HFM_Y_YY20A	AB/AG	AB/AG	1	8
323	1DAN	1DAN_U	P13726	COR	['ELISA', 'SPR']	[-1.57, -1.57]	VU207A	VU113A	[7.5e-08, 4.48e-09]	[5.3e-09, 6.16e-09]	1DAN_U_VU207A		1DAN_HL_UT	1	2
324	1DAN	1DAN_U	P13726	COR	['ELISA', 'SPR']	[-2.215, -2.215]	FU140A	FU50A	[2.23e-07, 5.36e-08]	[5.3e-09, 6.16e-09]	1DAN_U_FU140A		1DAN_HL_UT	1	2
325	1DAN	1DAN_U	P13726	RIM	['ELISA', 'SPR']	[-0.986, -0.986]	RU135A	RU45A	[2.8e-08, 1.48e-08]	[5.3e-09, 6.16e-09]	1DAN_U_RU135A		1DAN_HL_UT	1	2
326	1DAN	1DAN_T	P13726	COR	['ELISA', 'SPR']	[-0.895, -0.895]	KT46A	KT41A	[2.4e-08, 9.11e-09]	[5.3e-09, 6.16e-09]	1DAN_T_KT46A		1DAN_HL_UT	1	2
327	1CHO	1CHO_I	P68390	COR	['FL', 'FL']	[-6.659, -6.659]	LI18E	LI15E	[4e-07, 5.56e-07]	[5.26e-12, 5.26e-12]	1CHO_I_LI18E	Pr/PI	Pr/PI	1	2
328	1CHO	1CHO_I	P68390	COR	['FL', 'FL']	[-2.953, -2.953]	LI18Q	LI15Q	[7.69e-10, 2.13e-09]	[5.26e-12, 5.26e-12]	1CHO_I_LI18Q	Pr/PI	Pr/PI	1	2
329	1CHO	1CHO_I	P68390	COR	['FL', 'FL']	[-4.473, -4.473]	LI18K	LI15K	[1e-08, 7.14e-09]	[5.26e-12, 5.26e-12]	1CHO_I_LI18K	Pr/PI	Pr/PI	1	2
330	1CHO	1CHO_I	P68390	COR	['FL', 'FL']	[-0.381, -0.381]	LI18M	LI15M	[1e-11, 9.09e-12]	[5.26e-12, 5.26e-12]	1CHO_I_LI18M	Pr/PI	Pr/PI	1	2
331	1CHO	1CHO_I	P68390	COR	['FL', 'FL']	[-4.766, -4.766]	LI18A	LI15A	[1.64e-08, 2.17e-08]	[5.26e-12, 5.26e-12]	1CHO_I_LI18A	Pr/PI	Pr/PI	1	2
332	3HFM	3HFM_Y	P00698	COR	['IASP', 'IASP']	[0.505, 0.505]	YY20F	YY20F	[3.2e-11, 3.2e-11]	[7.5e-11, 7e-11]	3HFM_Y_YY20F	AB/AG	AB/AG	1	8
333	1JRH	1JRH_I	P15260	RIM	['SPR', 'ELISA']	[0.435, 0.435]	EI55A	EI45A	[6.91e-09, 7.4e-10]	[1.44e-08, 2.4e-09]	1JRH_I_EI55A	AB/AG	AB/AG	1	3
334	3HFM	3HFM_Y	P00698	COR	['IASP', 'IASP']	[-1.974, -1.974]	DY101E	DY101E	[3.64e-09, 3.6e-09]	[1.3e-10, 7.5e-11]	3HFM_Y_DY101E	AB/AG	AB/AG	1	8
335	3HFM	3HFM_Y	P00698	COR	['IASP', 'IASP']	[-2.123, -2.123]	DY101R	DY101R	[4.68e-09, 4.6e-09]	[1.3e-10, 7.5e-11]	3HFM_Y_DY101R	AB/AG	AB/AG	1	8
336	3HFM	3HFM_Y	P00698	COR	['IASP', 'IASP']	[-1.93, -1.93]	DY101Q	DY101Q	[3.38e-09, 3.3e-09]	[1.3e-10, 7.5e-11]	3HFM_Y_DY101Q	AB/AG	AB/AG	1	8
337	3HFM	3HFM_Y	P00698	COR	['IASP', 'IASP']	[-1.712, -1.712]	DY101S	DY101S	[2.34e-09, 2.3e-09]	[1.3e-10, 7.5e-11]	3HFM_Y_DY101S	AB/AG	AB/AG	1	8
338	3HFM	3HFM_Y	P00698	COR	['IASP', 'IASP']	[-1.341, -1.341]	DY101N	DY101N	[1.25e-09, 1.2e-09]	[1.3e-10, 7.5e-11]	3HFM_Y_DY101N	AB/AG	AB/AG	1	8
339	3HFM	3HFM_Y	P00698	COR	['IASP', 'IASP']	[-0.199, -0.199]	DY101G	DY101G	[1.82e-10, 1.8e-10]	[1.3e-10, 7.5e-11]	3HFM_Y_DY101G	AB/AG	AB/AG	1	8
340	3S9D	3S9D_A	P01563	SUR	['SP', 'SPR']	[-0.108, -0.108]	KA121A	KA92A	[1.2e-08, 2.63e-09]	[1e-08, 3e-09]	3S9D_A_KA121A		3S9D_A_B,3SE3_B_C,3SE4_B_C	2	8
341	1BRS	1BRS_A	P00648	RIM	['SFFL', 'SFFL']	[0.326, 0.326]	EA60A	EA58A	[7.5e-15, 3.1e-13]	[1.3e-14, 1.3e-13]	1BRS_A_EA60A		1BRS_A_D,1B2U_A_D,1B2S_A_D,1B3S_A_D,1X1W_A_D,1X1X_A_D	1	1
342	1BRS	1BRS_A	P00648	SUP	['SFFL', 'SFFL']	[-3.066, -3.066]	NA58A	NA56A	[2.3e-12, 2.5e-11]	[1.3e-14, 1.3e-13]	1BRS_A_NA58A		1BRS_A_D,1B2U_A_D,1B2S_A_D,1B3S_A_D,1X1W_A_D,1X1X_A_D	1	2
343	1BRS	1BRS_A	P00648	INT	['SFFL', 'SFFL']	[0.889, 0.889]	DA54A	DA52A	[2.9e-15, 9.8e-14]	[1.3e-14, 1.3e-13]	1BRS_A_DA54A		1BRS_A_D,1B2U_A_D,1B2S_A_D,1B3S_A_D,1X1W_A_D,1X1X_A_D	1	1
344	1BRS	1BRS_A	P00648	SUP	['SFFL', 'SFFL']	[-1.408, -1.408]	WA35F	WA33F	[1.4e-13, 8.5e-13]	[1.3e-14, 1.3e-13]	1BRS_A_WA35F		1BRS_A_D,1B2U_A_D,1B2S_A_D,1B3S_A_D,1X1W_A_D,1X1X_A_D	1	2
345	3S9D	3S9D_A	P01563	COR	['SP', 'SPR']	[-2.641, -2.641]	LA30V	LA23V	[2.59e-07, 1.3e-07]	[3e-09, 3e-09]	3S9D_A_LA30V		3S9D_A_B,3SE3_B_C,3SE4_B_C	2	8
346	3S9D	3S9D_A	P01563	SUR	['SP', 'SPR']	[0.132, 0.132]	IA24A	IA17A	[2.4e-09, 2.61e-09]	[3e-09, 3e-09]	3S9D_A_IA24A		3S9D_A_B,3SE3_B_C,3SE4_B_C	2	8
347	3S9D	3S9D_A	P01563	SUR	['SP', 'SPR']	[-0.359, -0.359]	RA23A	RA16A	[5.5e-09, 3.53e-09]	[3e-09, 3e-09]	3S9D_A_RA23A		3S9D_A_B,3SE3_B_C,3SE4_B_C	2	8
348	3S9D	3S9D_A	P01563	RIM	['SP', 'SPR']	[-0.17, -0.17]	RA22A	RA15A	[4e-09, 4.35e-09]	[3e-09, 3e-09]	3S9D_A_RA22A		3S9D_A_B,3SE3_B_C,3SE4_B_C	2	8
349	1JRH	1JRH_I	P15260	SUP	['SPR', 'ELISA']	[0.293, 0.293]	NI48A	NI38A	[8.78e-09, 7e-09]	[1.44e-08, 2.4e-09]	1JRH_I_NI48A	AB/AG	AB/AG	1	3
350	1JRH	1JRH_I	P15260	SUP	['SPR', 'ELISA']	[-3.579, -3.579]	KI47A	KI37A	[6.05e-06, 1.6e-06]	[1.44e-08, 2.4e-09]	1JRH_I_KI47A	AB/AG	AB/AG	1	3
351	1DAN	1DAN_T	P13726	COR	['ELISA', 'SPR']	[-2.439, -2.439]	KT20A	KT15A	[3.25e-07, 4.86e-07]	[5.3e-09, 6.16e-09]	1DAN_T_KT20A		1DAN_HL_UT	1	2
352	1DAN	1DAN_T	P13726	SUP	['ELFA', 'SPR']	[-0.921, -0.921]	KT48A	KT43A	[1.23e-11, 1.24e-08]	[2.6e-12, 6.16e-09]	1DAN_T_KT48A		1DAN_HL_UT	1	2
353	1DAN	1DAN_T	P13726	SUP	['ELFA', 'SPR']	[-0.729, -0.729]	QT37A	QT32A	[8.9e-12, 1.55e-08]	[2.6e-12, 6.16e-09]	1DAN_T_QT37A		1DAN_HL_UT	1	2
354	1DAN	1DAN_U	P13726	COR	['ELFA', 'SPR']	[-0.312, -0.312]	YU94A	YU4A	[4.4e-12, 3.47e-08]	[2.6e-12, 6.16e-09]	1DAN_U_YU94A		1DAN_HL_UT	1	2
355	1DAN	1DAN_T	P13726	COR	['ELFA', 'SPR']	[0.127, 0.127]	ST47A	ST42A	[2.1e-12, 6.63e-09]	[2.6e-12, 6.16e-09]	1DAN_T_ST47A		1DAN_HL_UT	1	2
356	1DAN	1DAN_T	P13726	COR	['ELFA', 'ELISA']	[-1.5, -1.5]	WT45A	WT40A	[3.27e-11, 2.9e-07]	[2.6e-12, 5.3e-09]	1DAN_T_WT45A		1DAN_HL_UT	1	2
357	1JRH	1JRH_I	P15260	RIM	['SPR', 'ELISA']	[0.043, 0.043]	KI98A	KI88A	[1.34e-08, 7.4e-09]	[1.44e-08, 2.4e-09]	1JRH_I_KI98A	AB/AG	AB/AG	1	3
358	1JRH	1JRH_I	P15260	SUP	['SPR', 'ELISA']	[0.246, 0.246]	RI84A	RI74A	[9.5e-09, 1.37e-08]	[1.44e-08, 2.4e-09]	1JRH_I_RI84A	AB/AG	AB/AG	1	3
359	1JRH	1JRH_I	P15260	COR	['SPR', 'ELISA']	[-1.136, -1.136]	WI82Y	WI72Y	[9.79e-08, 1.95e-08]	[1.44e-08, 2.4e-09]	1JRH_I_WI82Y	AB/AG	AB/AG	1	3
360	1JRH	1JRH_I	P15260	COR	['SPR', 'ELISA']	[-1.109, -1.109]	WI82F	WI72F	[9.36e-08, 1.53e-08]	[1.44e-08, 2.4e-09]	1JRH_I_WI82F	AB/AG	AB/AG	1	3
361	1JRH	1JRH_I	P15260	COR	['SPR', 'ELISA']	[-4.529, -4.529]	WI82A	WI72A	[3.01e-05, 3.6e-06]	[1.44e-08, 2.4e-09]	1JRH_I_WI82A	AB/AG	AB/AG	1	3
362	1JRH	1JRH_I	P15260	INT	['SPR', 'ELISA']	[0.399, 0.399]	NI79A	NI69A	[7.34e-09, 2.4e-09]	[1.44e-08, 2.4e-09]	1JRH_I_NI79A	AB/AG	AB/AG	1	3
363	1JRH	1JRH_I	P15260	COR	['SPR', 'ELISA']	[-0.016, -0.016]	WI56Y	WI46Y	[1.48e-08, 6.4e-09]	[1.44e-08, 2.4e-09]	1JRH_I_WI56Y	AB/AG	AB/AG	1	3
364	1JRH	1JRH_I	P15260	COR	['SPR', 'ELISA']	[0.657, 0.657]	WI56F	WI46F	[4.75e-09, 3.1e-09]	[1.44e-08, 2.4e-09]	1JRH_I_WI56F	AB/AG	AB/AG	1	3
365	1BP3	1BP3_A	P01241	SUP	['RA', 'RA']	[-1.911, -1.911]	FA176A	FA172A	[8.3e-10, 7.2e-06]	[3.3e-11, 2.7e-07]	1BP3_A_FA176A		1BP3_A_B,3MZG_A_B,3N06_A_B,3N0P_A_B,3NCB_A_B,3NCC_A_B,1A22_A_B	2	1
366	1BP3	1BP3_A	P01241	COR	['RA', 'RA']	[-3.493, -3.493]	EA174A	EA170A	[1.2e-08, 3.6e-07]	[3.3e-11, 2.7e-07]	1BP3_A_EA174A		1BP3_A_B,3MZG_A_B,3N06_A_B,3N0P_A_B,3NCB_A_B,3NCC_A_B,1A22_A_B	2	1
367	1BP3	1BP3_A	P01241	SUP	['RA', 'RA']	[-3.191, -3.191]	KA172A	KA168A	[7.2e-09, 8.2e-06]	[3.3e-11, 2.7e-07]	1BP3_A_KA172A		1BP3_A_B,3MZG_A_B,3N06_A_B,3N0P_A_B,3NCB_A_B,3NCC_A_B,1A22_A_B	2	1
368	1BP3	1BP3_A	P01241	COR	['RA', 'RA']	[-3.928, -3.928]	RA167A	RA163A	[2.5e-08, 9.7e-06]	[3.3e-11, 2.7e-07]	1BP3_A_RA167A		1BP3_A_B,3MZG_A_B,3N06_A_B,3N0P_A_B,3NCB_A_B,3NCC_A_B,1A22_A_B	2	1
369	1BP3	1BP3_A	P01241	INT	['RA', 'RA']	[-1.729, -1.729]	IA58A	IA58A	[6.11e-10, 5.5e-06]	[3.3e-11, 2.7e-07]	1BP3_A_IA58A		1BP3_A_B,3MZG_A_B,3N06_A_B,3N0P_A_B,3NCB_A_B,3NCC_A_B,1A22_A_B	2	1
370	1BP3	1BP3_A	P01241	SUP	['RA', 'RA']	[-2.672, -2.672]	HA21A	HA21A	[3e-09, 2e-07]	[3.3e-11, 2.7e-07]	1BP3_A_HA21A		1BP3_A_B,3MZG_A_B,3N06_A_B,3N0P_A_B,3NCB_A_B,3NCC_A_B,1A22_A_B	2	1
371	1BP3	1BP3_A	P01241	RIM	['RA', 'RA']	[-2.912, -2.912]	HA18A	HA18A	[4.5e-09, 3.7e-07]	[3.3e-11, 2.7e-07]	1BP3_A_HA18A		1BP3_A_B,3MZG_A_B,3N06_A_B,3N0P_A_B,3NCB_A_B,3NCC_A_B,1A22_A_B	2	1
372	1A22	1A22_B	P10912	INT	['SPR', 'IARA']	[-0.785, -0.785]	KB415A	KB170A	[1.28e-09, 9.3e-10]	[3.4e-10, 4e-10]	1A22_B_KB415A		1A22_A_B,1BP3_A_B	1	1
373	1JRH	1JRH_I	P15260	COR	['SPR', 'ELISA']	[-0.298, -0.298]	SI54A	SI44A	[2.38e-08, 5.2e-09]	[1.44e-08, 2.4e-09]	1JRH_I_SI54A	AB/AG	AB/AG	1	3
374	1JRH	1JRH_I	P15260	COR	['SPR', 'ELISA']	[-3.894, -3.894]	NI53A	NI43A	[1.03e-05, 6.8e-06]	[1.44e-08, 2.4e-09]	1JRH_I_NI53A	AB/AG	AB/AG	1	3
375	1JRH	1JRH_I	P15260	COR	['SPR', 'ELISA']	[-2.985, -2.985]	KI52A	KI42A	[2.22e-06, 1.44e-06]	[1.44e-08, 2.4e-09]	1JRH_I_KI52A	AB/AG	AB/AG	1	3
376	1JRH	1JRH_I	P15260	COR	['SPR', 'ELISA']	[-1.884, -1.884]	VI51A	VI41A	[3.46e-07, 2.9e-08]	[1.44e-08, 2.4e-09]	1JRH_I_VI51A	AB/AG	AB/AG	1	3
377	1JRH	1JRH_I	P15260	COR	['SPR', 'ELISA']	[-4.527, -4.527]	GI50A	GI40A	[3e-05, 3.88e-06]	[1.44e-08, 2.4e-09]	1JRH_I_GI50A	AB/AG	AB/AG	1	3
378	1JRH	1JRH_I	P15260	COR	['SPR', 'ELISA']	[-0.791, -0.791]	YI49F	YI39F	[5.47e-08, 1.36e-08]	[1.44e-08, 2.4e-09]	1JRH_I_YI49F	AB/AG	AB/AG	1	3
379	1JRH	1JRH_I	P15260	COR	['SPR', 'ELISA']	[-3.401, -3.401]	YI49A	YI39A	[4.48e-06, 1.15e-06]	[1.44e-08, 2.4e-09]	1JRH_I_YI49A	AB/AG	AB/AG	1	3
380	1JRH	1JRH_I	P15260	SUP	['SPR', 'ELISA']	[-0.364, -0.364]	NI48Q	NI38Q	[2.66e-08, 7.9e-09]	[1.44e-08, 2.4e-09]	1JRH_I_NI48Q	AB/AG	AB/AG	1	3
381	1A22	1A22_B	P10912	SUP	['SPR', 'RA']	[-0.891, -0.891]	QB416A	QB171A	[1.53e-09, 4.4e-09]	[3.4e-10, 1e-09]	1A22_B_QB416A		1A22_A_B,1BP3_A_B	1	1
382	1A22	1A22_B	P10912	RIM	['SPR', 'RA']	[0.094, 0.094]	TB395A	TB150A	[2.9e-10, 8.13e-10]	[3.4e-10, 1e-09]	1A22_B_TB395A		1A22_A_B,1BP3_A_B	1	1
383	1A22	1A22_B	P10912	COR	['SPR', 'RA']	[0.617, 0.617]	VB371A	VB126A	[1.2e-10, 2.95e-10]	[3.4e-10, 1e-09]	1A22_B_VB371A		1A22_A_B,1BP3_A_B	1	1
384	1A22	1A22_B	P10912	RIM	['SPR', 'RA']	[0.018, 0.018]	KB367A	KB122A	[3.3e-10, 1e-09]	[3.4e-10, 1e-09]	1A22_B_KB367A		1A22_A_B,1BP3_A_B	1	1
385	1A22	1A22_B	P10912	RIM	['SPR', 'RA']	[-0.017, -0.017]	QB366A	QB121A	[3.5e-10, 1e-09]	[3.4e-10, 1e-09]	1A22_B_QB366A		1A22_A_B,1BP3_A_B	1	1
386	1A22	1A22_B	P10912	COR	['SPR', 'RA']	[-2.131, -2.131]	IB365A	IB120A	[1.24e-08, 3.95e-08]	[3.4e-10, 1e-09]	1A22_B_IB365A		1A22_A_B,1BP3_A_B	1	1
387	1A22	1A22_B	P10912	SUP	['SPR', 'RA']	[-1.487, -1.487]	DB364A	DB119A	[4.18e-09, 1.43e-08]	[3.4e-10, 1e-09]	1A22_B_DB364A		1A22_A_B,1BP3_A_B	1	1
388	3S9D	3S9D_B	P48551	COR	['SP', 'SPR']	[0.211, 0.211]	NB98A	NB85A	[7e-09, 2.4e-09]	[1e-08, 3e-09]	3S9D_B_NB98A		3S9D_A_B,3SE3_B_C,3SE4_B_C	2	8
389	3S9D	3S9D_B	P48551	SUR	['SP', 'SPR']	[-0.314, -0.314]	SB74A	SB63A	[1.7e-08, 4.76e-09]	[1e-08, 3e-09]	3S9D_B_SB74A		3S9D_A_B,3SE3_B_C,3SE4_B_C	2	8
390	1BRS	1BRS_D	P11540	SUR	['SFFL', 'SPR']	[-0.543, -0.543]	ED80A	ED78A	[2.5e-14, 2.64e-10]	[1e-14, 1.32e-10]	1BRS_D_ED80A		1BRS_A_D,1B2U_A_D,1B2S_A_D,1B3S_A_D,1X1W_A_D,1X1X_A_D	1	1
391	1BRS	1BRS_D	P11540	RIM	['ITC', 'SPR']	[-1.364, -1.364]	ED76A	ED74A	[1e-13, 5.3e-10]	[1e-14, 1.32e-10]	1BRS_D_ED76A		1BRS_A_D,1B2U_A_D,1B2S_A_D,1B3S_A_D,1X1W_A_D,1X1X_A_D	1	1
392	1BRS	1BRS_D	P11540	COR	['ITC', 'SPR']	[-7.651, -7.651]	DD39A	DD39A	[4.06e-09, 2.96e-06]	[1e-14, 1.32e-10]	1BRS_D_DD39A		1BRS_A_D,1B2U_A_D,1B2S_A_D,1B3S_A_D,1X1W_A_D,1X1X_A_D	1	1
393	1BRS	1BRS_D	P11540	COR	['ITC', 'SPR']	[-4.503, -4.503]	DD35A	DD35A	[2e-11, 1.27e-07]	[1e-14, 1.32e-10]	1BRS_D_DD35A		1BRS_A_D,1B2U_A_D,1B2S_A_D,1B3S_A_D,1X1W_A_D,1X1X_A_D	1	1
394	3S9D	3S9D_B	P48551	COR	['SPR', 'SP']	[-1.824, -1.824]	MB46V	MB35V	[6.52e-08, 3.49e-07]	[3e-09, 2.5e-09]	3S9D_B_MB46V		3S9D_A_B,3SE3_B_C,3SE4_B_C	2	8
395	3S9D	3S9D_B	P48551	SUP	['SPR', 'SP']	[-1.775, -1.775]	IB45A	IB34A	[6e-08, 6.5e-08]	[3e-09, 2.5e-09]	3S9D_B_IB45A		3S9D_A_B,3SE3_B_C,3SE4_B_C	2	8
396	3S9D	3S9D_A	P01563	RIM	['SP', 'SPR']	[0.085, 0.085]	NA156A	NA127A	[2.6e-09, 3e-09]	[3e-09, 3e-09]	3S9D_A_NA156A		3S9D_A_B,3SE3_B_C,3SE4_B_C	2	8
397	1A22	1A22_B	P10912	COR	['SPR', 'IARA']	[-0.536, -0.536]	RB271A	RB30A	[8.4e-10, 1.1e-09]	[3.4e-10, 4e-10]	1A22_B_RB271A		1A22_A_B,1BP3_A_B	1	1
398	1A22	1A22_B	P10912	SUR	['SPR', 'RA']	[-0.204, -0.204]	TB394A	TB149A	[4.8e-10, 1.35e-09]	[3.4e-10, 1e-09]	1A22_B_TB394A		1A22_A_B,1BP3_A_B	1	1
399	1A22	1A22_B	P10912	SUP	['SPR', 'IARA']	[-1.762, -1.762]	TB301A	TB60A	[6.65e-09, 2.5e-09]	[3.4e-10, 4e-10]	1A22_B_TB301A		1A22_A_B,1BP3_A_B	1	1
400	1A22	1A22_B	P10912	INT	['SPR', 'IARA']	[-0.05, -0.05]	FB296S	FB55S	[3.7e-10, 3.2e-10]	[3.4e-10, 4e-10]	1A22_B_FB296S		1A22_A_B,1BP3_A_B	1	1
401	1A22	1A22_B	P10912	SUR	['SPR', 'IARA']	[-0.204, -0.204]	TB277A	TB36A	[4.8e-10, 2.6e-10]	[3.4e-10, 4e-10]	1A22_B_TB277A		1A22_A_B,1BP3_A_B	1	1
402	1A22	1A22_B	P10912	INT	['SPR', 'IARA']	[-0.179, -0.179]	EB242A	EB10A	[4.6e-10, 3.2e-09]	[3.4e-10, 4e-10]	1A22_B_EB242A		1A22_A_B,1BP3_A_B	1	1
403	1A22	1A22_B	P10912	COR	['SPR', 'RA']	[-0.296, -0.296]	NB418A	NB173A	[5.6e-10, 1.6e-09]	[3.4e-10, 1e-09]	1A22_B_NB418A		1A22_A_B,1BP3_A_B	1	1
404	3S9D	3S9D_A	P01563	COR	['SP', 'SPR']	[-1.058, -1.058]	AA145M	AA116M	[1.79e-08, 1.88e-08]	[3e-09, 3e-09]	3S9D_A_AA145M		3S9D_A_B,3SE3_B_C,3SE4_B_C	2	8
405	1BRS	1BRS_A	P00648	SUP	['ITC', 'SFFL']	[-5.565, -5.565]	RA87A	RA85A	[1.2e-10, 3e-10]	[1e-14, 1.3e-14]	1BRS_A_RA87A		1BRS_A_D,1B2U_A_D,1B2S_A_D,1B3S_A_D,1X1W_A_D,1X1X_A_D	1	2
406	3S9D	3S9D_A	P01563	COR	['SP', 'SPR']	[-4.674, -4.674]	RA33K	RA26K	[8e-06, 6e-06]	[3e-09, 3e-09]	3S9D_A_RA33K		3S9D_A_B,3SE3_B_C,3SE4_B_C	2	8
407	1JTG	1JTG_B	P35804	SUP	['IASP', 'ITC']	[0.303, 0.303]	SB39A	SB39A	[3e-10, 2.01e-10]	[5e-10, 1.11e-10]	1JTG_B_SB39A		1XXM_A_C,1S0W_A_C,1JTG_A_B,2G2U_A_B,2G2W_A_B,3N4I_A_B,1JTD_A_B,3QHY_A_B	2	4
408	1E50	1E50_B	Q13951	COR	['ESMA', 'ESMA']	[-0.91, -0.91]	NB63A	NB62A	[6.5e-08, 1.46e-07]	[1.4e-08, 2.61e-08]	1E50_B_NB63A		1E50_A_B,1H9D_A_B	2	1
409	1E50	1E50_A	Q01196	COR	['ESMA', 'ESMA']	[-1.513, -1.513]	TA149A	TA91A	[1.8e-07, 1.52e-07]	[1.4e-08, 2.61e-08]	1E50_A_TA149A		1E50_A_B,1H9D_A_B	2	1
410	1E50	1E50_A	Q01196	COR	['ESMA', 'ESMA']	[-0.945, -0.945]	YA113A	YA55A	[6.9e-08, 1.16e-07]	[1.4e-08, 2.61e-08]	1E50_A_YA113A		1E50_A_B,1H9D_A_B	2	1
411	1E50	1E50_A	Q01196	SUP	['ESMA', 'ESMA']	[-2.433, -2.433]	NA109A	NA51A	[8.5e-07, 2.81e-07]	[1.4e-08, 2.61e-08]	1E50_A_NA109A		1E50_A_B,1H9D_A_B	2	1
412	1E50	1E50_A	Q01196	RIM	['ESMA', 'ESMA']	[0.402, 0.402]	DA66A	DA8A	[7.1e-09, 1.77e-08]	[1.4e-08, 2.61e-08]	1E50_A_DA66A		1E50_A_B,1H9D_A_B	2	1
413	4NKQ	4NKQ_B	P15509	INT	['RA', 'IARA']	[-2.119, -2.119]	DB281N	DB176N	[1.43e-09, 5.9e-10]	[4e-11, 3e-11]	4NKQ_B_DB281N		4NKQ_C_AB,4RS1_A_B	2	10
414	4NKQ	4NKQ_B	P15509	COR	['RA', 'IARA']	[-1.864, -1.864]	RB283M	RB178M	[9.3e-10, 3e-09]	[4e-11, 3e-11]	4NKQ_B_RB283M		4NKQ_C_AB,4RS1_A_B	2	10
415	4RS1	4RS1_A	P04141	COR	['IARA', 'IARA']	[-3.26, -3.26]	DA112K	DA92K	[4.66e-07, 1.4e-06]	[1.9e-09, 1.7e-09]	4RS1_A_DA112K		4RS1_A_B,4NKQ_C_AB	2	10
416	1A22	1A22_A	P01241	SUP	['SPR', 'RA']	[-2.015, -2.015]	KA172A	KA161A	[2.7e-08, 4.6e-09]	[9e-10, 3.4e-10]	1A22_A_KA172A		1A22_A_B,1BP3_A_B	1	1
417	1A22	1A22_A	P01241	COR	['SPR', 'RA']	[-0.791, -0.791]	DA171A	DA160A	[3.42e-09, 2.4e-09]	[9e-10, 3.4e-10]	1A22_A_DA171A		1A22_A_B,1BP3_A_B	1	1
418	1A22	1A22_A	P01241	COR	['SPR', 'RA']	[0.155, 0.155]	KA168A	KA157A	[6.93e-10, 3.7e-10]	[9e-10, 3.4e-10]	1A22_A_KA168A		1A22_A_B,1BP3_A_B	1	1
419	1A22	1A22_A	P01241	COR	['SPR', 'RA']	[-0.278, -0.278]	RA167A	RA156A	[1.44e-09, 2.6e-10]	[9e-10, 3.4e-10]	1A22_A_RA167A		1A22_A_B,1BP3_A_B	1	1
420	1A22	1A22_A	P01241	RIM	['SPR', 'RA']	[-0.588, -0.588]	QA68A	QA68A	[2.43e-09, 1.8e-09]	[9e-10, 3.4e-10]	1A22_A_QA68A		1A22_A_B,1BP3_A_B	1	1
421	1A22	1A22_A	P01241	RIM	['SPR', 'RA']	[0.473, 0.473]	EA65A	EA65A	[4.05e-10, 2e-10]	[9e-10, 3.4e-10]	1A22_A_EA65A		1A22_A_B,1BP3_A_B	1	1
422	1A22	1A22_A	P01241	COR	['SPR', 'RA']	[-1.643, -1.643]	RA64A	RA64A	[1.44e-08, 7.11e-09]	[9e-10, 3.4e-10]	1A22_A_RA64A		1A22_A_B,1BP3_A_B	1	1
423	1A22	1A22_A	P01241	COR	['SPR', 'RA']	[-0.314, -0.314]	NA63A	NA63A	[1.53e-09, 1.12e-09]	[9e-10, 3.4e-10]	1A22_A_NA63A		1A22_A_B,1BP3_A_B	1	1
424	1A22	1A22_B	P10912	SUP	['SPR', 'RA']	[-0.274, -0.274]	SB324A	SB83A	[5.4e-10, 1.35e-09]	[3.4e-10, 1e-09]	1A22_B_SB324A		1A22_A_B,1BP3_A_B	1	1
425	1A22	1A22_B	P10912	COR	['SPR', 'RA']	[-0.081, -0.081]	KB321A	KB80A	[3.9e-10, 1.14e-09]	[3.4e-10, 1e-09]	1A22_B_KB321A		1A22_A_B,1BP3_A_B	1	1
426	1A22	1A22_B	P10912	RIM	['SPR', 'RA']	[0.182, 0.182]	EB320A	EB79A	[2.5e-10, 6.87e-10]	[3.4e-10, 1e-09]	1A22_B_EB320A		1A22_A_B,1BP3_A_B	1	1
427	1A22	1A22_B	P10912	SUP	['SPR', 'IARA']	[-3.306, -3.306]	PB306A	PB65A	[9.01e-08, 3.37e-08]	[3.4e-10, 4e-10]	1A22_B_PB306A		1A22_A_B,1BP3_A_B	1	1
428	1A22	1A22_B	P10912	COR	['SPR', 'IARA']	[-4.732, -4.732]	WB304A	WB63A	[1e-06, 1e-06]	[3.4e-10, 4e-10]	1A22_B_WB304A		1A22_A_B,1BP3_A_B	2	1
429	1A22	1A22_B	P10912	SUP	['SPR', 'IARA']	[-0.69, -0.69]	RB270A	RB29A	[1.09e-09, 8.1e-10]	[3.4e-10, 4e-10]	1A22_B_RB270A		1A22_A_B,1BP3_A_B	1	1
430	1A22	1A22_A	P01241	SUR	['SPR', 'RA']	[0.012, 0.012]	EA186A	EA175A	[8.82e-10, 2.7e-10]	[9e-10, 3.4e-10]	1A22_A_EA186A		1A22_A_B,1BP3_A_B	1	1
431	1A22	1A22_A	P01241	RIM	['SPR', 'RA']	[-0.543, -0.543]	RA183A	RA172A	[2.25e-09, 7.1e-10]	[9e-10, 3.4e-10]	1A22_A_RA183A		1A22_A_B,1BP3_A_B	1	1
432	1A22	1A22_A	P01241	SUP	['SPR', 'RA']	[-0.806, -0.806]	IA179A	IA168A	[3.51e-09, 9.2e-10]	[9e-10, 3.4e-10]	1A22_A_IA179A		1A22_A_B,1BP3_A_B	1	1
433	1A22	1A22_A	P01241	SUP	['SPR', 'RA']	[-0.411, -0.411]	FA176A	FA165A	[1.8e-09, 5.4e-09]	[9e-10, 3.4e-10]	1A22_A_FA176A		1A22_A_B,1BP3_A_B	1	1
434	1A22	1A22_A	P01241	COR	['SPR', 'RA']	[0.925, 0.925]	EA174A	EA163A	[1.89e-10, 7.5e-11]	[9e-10, 3.4e-10]	1A22_A_EA174A		1A22_A_B,1BP3_A_B	1	1
435	3SE4	3SE4_B	P05000	COR	['SPR', 'SP']	[-0.573, -0.573]	MB148A	MB130A	[5.26e-09, 4.17e-05]	[2e-09, 4e-05]	3SE4_B_MB148A		3SE4_B_C,3S9D_A_B,3SE3_B_C	2	9
436	3SE4	3SE4_B	P05000	COR	['SPR', 'SP']	[-2.728, -2.728]	LB32A	LB31A	[2e-07, 3.92e-05]	[2e-09, 4e-05]	3SE4_B_LB32A		3SE4_B_C,3S9D_A_B,3SE3_B_C	2	9
437	3SE4	3SE4_B	P05000	COR	['SPR', 'SP']	[-0.924, -0.924]	PB28L	PB27L	[9.52e-09, 4.76e-05]	[2e-09, 4e-05]	3SE4_B_PB28L		3SE4_B_C,3S9D_A_B,3SE3_B_C	2	9
438	3SE4	3SE4_B	P05000	COR	['SPR', 'SP']	[0.17, 0.17]	PB28A	PB27A	[1.5e-09, 4.35e-05]	[2e-09, 4e-05]	3SE4_B_PB28A		3SE4_B_C,3S9D_A_B,3SE3_B_C	2	9
439	3SE4	3SE4_C	P48551	COR	['SPR', 'SPR']	[-1.364, -1.364]	EC77A	EC69A	[2e-08, 2.13e-08]	[2e-09, 2e-09]	3SE4_C_EC77A		3SE4_B_C,3S9D_A_B,3SE3_B_C	2	9
440	3S9D	3S9D_B	P48551	SUR	['SPR', 'SP']	[-1.048, -1.048]	DB104A	DB91A	[1.76e-08, 3.9e-08]	[3e-09, 2.5e-09]	3S9D_B_DB104A		3S9D_A_B,3SE3_B_C,3SE4_B_C	2	8
441	1LFD	1LFD_A	Q03386	COR	['ITC', 'IAFL']	[-0.302, -0.302]	NA29A	NA16A	[1.15e-06, 3.75e-06]	[6.91e-07, 1.21e-06]	1LFD_A_NA29A		1LFD_A_B,4G0N_A_B,3KUD_A_B,1K8R_A_B,1HE8_A_B,1GUA_A_B,1C1Y_A_B	2	4
442	1LFD	1LFD_A	Q03386	RIM	['ITC', 'IAFL']	[-1.0, -1.0]	NA27A	NA14A	[3.74e-06, 5.19e-06]	[6.91e-07, 1.21e-06]	1LFD_A_NA27A		1LFD_A_B,4G0N_A_B,3KUD_A_B,1K8R_A_B,1HE8_A_B,1GUA_A_B,1C1Y_A_B	2	4
443	1LFD	1LFD_A	Q03386	RIM	['ITC', 'IAFL']	[-1.0, -1.0]	IA18A	IA5A	[3.74e-06, 2.63e-05]	[6.91e-07, 1.21e-06]	1LFD_A_IA18A		1LFD_A_B,4G0N_A_B,3KUD_A_B,1K8R_A_B,1HE8_A_B,1GUA_A_B,1C1Y_A_B	2	4
444	4NKQ	4NKQ_B	P15509	INT	['RA', 'IARA']	[-0.332, -0.332]	RB261Q	RB156Q	[7e-11, 1.2e-10]	[4e-11, 3e-11]	4NKQ_B_RB261Q		4NKQ_C_AB,4RS1_A_B	2	10
445	1FC2	1FC2_C	P38507	RIM	['SPR', 'IARA']	[-0.606, -0.606]	NC147A	NC24A	[4.67e-08, 1.67e-07]	[1.68e-08, 6.25e-08]	1FC2_C_NC147A		1FC2_C_D,1FCC_A_C,3MZW_A_B	1	3
446	1FC2	1FC2_C	P38507	COR	['SPR', 'IARA']	[-1.434, -1.434]	LC136D	LC13D	[1.89e-07, 2.5e-07]	[1.68e-08, 6.25e-08]	1FC2_C_LC136D		1FC2_C_D,1FCC_A_C,3MZW_A_B	1	3
447	1A22	1A22_A	P01241	COR	['SPR', 'RA']	[-0.155, -0.155]	SA62A	SA62A	[1.17e-09, 1e-09]	[9e-10, 3.4e-10]	1A22_A_SA62A		1A22_A_B,1BP3_A_B	1	1
448	1A22	1A22_A	P01241	RIM	['SPR', 'RA']	[-0.411, -0.411]	EA56A	EA56A	[1.8e-09, 1.4e-09]	[9e-10, 3.4e-10]	1A22_A_EA56A		1A22_A_B,1BP3_A_B	1	1
449	1A22	1A22_A	P01241	COR	['SPR', 'RA']	[0.486, 0.486]	HA18A	HA18A	[3.96e-10, 2.4e-10]	[9e-10, 3.4e-10]	1A22_A_HA18A		1A22_A_B,1BP3_A_B	1	1
450	1A22	1A22_A	P01241	INT	['SPR', 'RA']	[0.0, 0.0]	MA14A	MA14A	[9e-10, 7.5e-10]	[9e-10, 3.4e-10]	1A22_A_MA14A		1A22_A_B,1BP3_A_B	1	1
451	2AJF	2AJF_E	P59594	COR	['SPR', 'SPR']	[-1.824, -1.824]	TE487S	TE159S	[3.52e-07, nan]	[1.62e-08, 2.08e-08]	2AJF_E_TE487S		2AJF_A_E	1	6
452	1CBW	1CBW_I	P00974	SUR	['ITC', 'IASP']	[-0.1, -0.1]	KI46A	KI46A	[1.68e-08, 1.4e-08]	[1.42e-08, 1.1e-08]	1CBW_I_KI46A	Pr/PI	Pr/PI	2	2
453	1CBW	1CBW_I	P00974	RIM	['ITC', 'IASP']	[-0.2, -0.2]	RI39A	RI39A	[1.99e-08, 1.6e-08]	[1.42e-08, 1.1e-08]	1CBW_I_RI39A	Pr/PI	Pr/PI	2	2
454	1CBW	1CBW_I	P00974	COR	['ITC', 'IASP']	[-0.801, -0.801]	GI37A	GI37A	[5.49e-08, 4.4e-08]	[1.42e-08, 1.1e-08]	1CBW_I_GI37A	Pr/PI	Pr/PI	2	2
455	1CBW	1CBW_I	P00974	SUP	['ITC', 'IASP']	[-0.901, -0.901]	GI36A	GI36A	[6.5e-08, 5.6e-08]	[1.42e-08, 1.1e-08]	1CBW_I_GI36A	Pr/PI	Pr/PI	2	2
456	1CBW	1CBW_I	P00974	INT	['ITC', 'IASP']	[-0.801, -0.801]	YI35A	YI35A	[5.49e-08, 4.9e-08]	[1.42e-08, 1.1e-08]	1CBW_I_YI35A	Pr/PI	Pr/PI	2	2
457	1CBW	1CBW_I	P00974	RIM	['ITC', 'IASP']	[0.0, 0.0]	VI34A	VI34A	[1.42e-08, 1.2e-08]	[1.42e-08, 1.1e-08]	1CBW_I_VI34A	Pr/PI	Pr/PI	2	2
458	1CBW	1CBW_I	P00974	INT	['ITC', 'IASP']	[-0.301, -0.301]	RI20A	RI20A	[2.36e-08, 2e-08]	[1.42e-08, 1.1e-08]	1CBW_I_RI20A	Pr/PI	Pr/PI	2	2
459	1CBW	1CBW_I	P00974	RIM	['ITC', 'IASP']	[-0.1, -0.1]	II19A	II19A	[1.68e-08, 1.4e-08]	[1.42e-08, 1.1e-08]	1CBW_I_II19A	Pr/PI	Pr/PI	2	2
460	1CBW	1CBW_I	P00974	COR	['ITC', 'IASP']	[-0.501, -0.501]	RI17A	RI17A	[3.31e-08, 2.8e-08]	[1.42e-08, 1.1e-08]	1CBW_I_RI17A	Pr/PI	Pr/PI	2	2
461	1JTG	1JTG_A	P62593	COR	['SPR', 'SFFL']	[0.383, 0.383]	PA107A	PA82A	[2.5e-09, 3.43e-10]	[4.77e-09, 2.3e-10]	1JTG_A_PA107A		1XXM_A_C,1S0W_A_C,1JTG_A_B,2G2U_A_B,2G2W_A_B,3N4I_A_B,1JTD_A_B,3QHY_A_B	1	4
462	1JTG	1JTG_A	P62593	RIM	['SPR', 'SFFL']	[0.456, 0.456]	NA100A	NA75A	[2.21e-09, 1.9e-11]	[4.77e-09, 2.3e-10]	1JTG_A_NA100A		1XXM_A_C,1S0W_A_C,1JTG_A_B,2G2U_A_B,2G2W_A_B,3N4I_A_B,1JTD_A_B,3QHY_A_B	1	4
463	1CBW	1CBW_I	P00974	COR	['ITC', 'IASP']	[0.1, 0.1]	PI13A	PI13A	[1.2e-08, 1e-08]	[1.42e-08, 1.1e-08]	1CBW_I_PI13A	Pr/PI	Pr/PI	2	2
464	1CBW	1CBW_I	P00974	SUP	['ITC', 'IASP']	[-0.602, -0.602]	GI12A	GI12A	[3.92e-08, 3.5e-08]	[1.42e-08, 1.1e-08]	1CBW_I_GI12A	Pr/PI	Pr/PI	2	2
465	1CBW	1CBW_I	P00974	COR	['ITC', 'IASP']	[-0.2, -0.2]	TI11A	TI11A	[1.99e-08, 1.6e-08]	[1.42e-08, 1.1e-08]	1CBW_I_TI11A	Pr/PI	Pr/PI	2	2
466	2FTL	2FTL_I	P00974	COR	['IASP', 'IASP']	[-10.159, -10.159]	KI15A	KI15A	[1.4e-06, 3.7e-06]	[5e-14, 5.88e-14]	2FTL_I_KI15A	Pr/PI	Pr/PI	1	6
467	2G2U	2G2U_A	P0AD64	COR	['IASP', 'IASP']	[0.453, 0.453]	DA104K	DA79K	[5.82e-07, 5.8e-07]	[1.25e-06, 1.8e-06]	2G2U_A_DA104K		2G2U_A_B,2G2W_A_B,3N4I_A_B,1XXM_A_C,1S0W_A_C,1JTG_A_B,1JTD_A_B,3QHY_A_B	1	6
468	2G2U	2G2U_B	P35804	COR	['IASP', 'IASP']	[3.536, 3.536]	EB73M	EB73M	[4.4e-09, 2.8e-08]	[1.72e-06, 1.8e-06]	2G2U_B_EB73M		2G2U_A_B,2G2W_A_B,3N4I_A_B,1XXM_A_C,1S0W_A_C,1JTG_A_B,1JTD_A_B,3QHY_A_B	1	6
469	1DQJ	1DQJ_C	P00698	COR	['SPR', 'SPR']	[-1.453, -1.453]	DC101A	DC101A	[3.23e-08, 2.5e-08]	[2.78e-09, 2.78e-09]	1DQJ_C_DC101A	AB/AG	AB/AG	1	2
470	1DQJ	1DQJ_C	P00698	COR	['SPR', 'SPR']	[-3.521, -3.521]	KC97A	KC97A	[1.06e-06, 1.06e-06]	[2.78e-09, 2.78e-09]	1DQJ_C_KC97A	AB/AG	AB/AG	1	2
471	1DQJ	1DQJ_C	P00698	SUP	['SPR', 'SPR']	[-1.347, -1.347]	WC63A	WC63A	[2.7e-08, 2.7e-08]	[2.78e-09, 2.78e-09]	1DQJ_C_WC63A	AB/AG	AB/AG	1	3
472	1DQJ	1DQJ_C	P00698	COR	['SPR', 'SPR']	[-1.169, -1.169]	RC21A	RC21A	[2e-08, 2.33e-08]	[2.78e-09, 2.78e-09]	1DQJ_C_RC21A	AB/AG	AB/AG	1	2
473	1DQJ	1DQJ_C	P00698	COR	['SPR', 'SPR']	[-3.287, -3.287]	YC20A	YC20A	[7.14e-07, 7.14e-07]	[2.78e-09, 2.78e-09]	1DQJ_C_YC20A	AB/AG	AB/AG	1	3
474	1FC2	1FC2_C	P38507	RIM	['SPR', 'IARA']	[-1.527, -1.527]	KC154A	KC31A	[2.21e-07, 5e-07]	[1.68e-08, 6.25e-08]	1FC2_C_KC154A		1FC2_C_D,1FCC_A_C,3MZW_A_B	1	3
475	1FC2	1FC2_C	P38507	SUP	['SPR', 'IARA']	[-5.277, -5.277]	IC150A	IC27A	[0.000124, 2.5e-06]	[1.68e-08, 6.25e-08]	1FC2_C_IC150A		1FC2_C_D,1FCC_A_C,3MZW_A_B	1	3
476	1FC2	1FC2_C	P38507	INT	['SPR', 'IARA']	[-0.063, -0.063]	FC149A	FC26A	[1.87e-08, 5.88e-08]	[1.68e-08, 6.25e-08]	1FC2_C_FC149A		1FC2_C_D,1FCC_A_C,3MZW_A_B	1	3
477	1KBH	1KBH_A	Q9Y6Q9	INT	['SFFL', 'SFFL']	[-0.851, -0.851]	LA37W	LA930W	[1.43e-07, 9.32e-08]	[3.4e-08, 3.4e-08]	1KBH_A_LA37W		1KBH_A_B	2	4
478	1JTG	1JTG_A	P62593	COR	['SPR', 'SFFL']	[0.168, 0.168]	YA105A	YA80A	[3.59e-09, 1.96e-10]	[4.77e-09, 2.3e-10]	1JTG_A_YA105A		1XXM_A_C,1S0W_A_C,1JTG_A_B,2G2U_A_B,2G2W_A_B,3N4I_A_B,1JTD_A_B,3QHY_A_B	1	4
479	4G0N	4G0N_A	P01112	COR	['ITC', 'ITC']	[0.581, 0.581]	RA41A	RA41A	[3.01e-08, 6.67e-08]	[8.02e-08, 8e-08]	4G0N_A_RA41A		4G0N_A_B,3KUD_A_B,1LFD_A_B,1GUA_A_B,1C1Y_A_B,1K8R_A_B,1HE8_A_B,1E96_A_B	2	10
480	4G0N	4G0N_A	P01112	COR	['ITC', 'IAFL']	[-3.194, -3.194]	DA38A	DA38A	[1.76e-05, 1.3e-06]	[8.02e-08, 1.8e-08]	4G0N_A_DA38A		4G0N_A_B,3KUD_A_B,1LFD_A_B,1GUA_A_B,1C1Y_A_B,1K8R_A_B,1HE8_A_B,1E96_A_B	2	9
481	4G0N	4G0N_A	P01112	RIM	['ITC', 'ITC']	[-1.065, -1.065]	DA33A	DA33A	[4.84e-07, 2.56e-07]	[8.02e-08, 8e-08]	4G0N_A_DA33A		4G0N_A_B,3KUD_A_B,1LFD_A_B,1GUA_A_B,1C1Y_A_B,1K8R_A_B,1HE8_A_B,1E96_A_B	2	9
482	1JTG	1JTG_A	P62593	INT	['SPR', 'SPR']	[-1.417, -1.417]	KA234A	KA208A	[7.47e-08, 2.7e-08]	[6.83e-09, 4.77e-09]	1JTG_A_KA234A		1XXM_A_C,1S0W_A_C,1JTG_A_B,2G2U_A_B,2G2W_A_B,3N4I_A_B,1JTD_A_B,3QHY_A_B	1	4
483	1JTG	1JTG_A	P62593	SUP	['SPR', 'SPR']	[-1.339, -1.339]	RA243A	RA217A	[6.55e-08, 4.04e-08]	[6.83e-09, 4.77e-09]	1JTG_A_RA243A		1XXM_A_C,1S0W_A_C,1JTG_A_B,2G2U_A_B,2G2W_A_B,3N4I_A_B,1JTD_A_B,3QHY_A_B	1	4
484	1JTG	1JTG_A	P62593	SUP	['SPR', 'SPR']	[-0.792, -0.792]	SA130A	SA105A	[2.6e-08, 8.38e-09]	[6.83e-09, 4.77e-09]	1JTG_A_SA130A		1XXM_A_C,1S0W_A_C,1JTG_A_B,2G2U_A_B,2G2W_A_B,3N4I_A_B,1JTD_A_B,3QHY_A_B	1	4
485	1LFD	1LFD_B	P01112	COR	['IAFL', 'IAFL']	[-3.747, -3.747]	DB238A	DB38A	[0.000675, 0.0001]	[1.21e-06, 1e-06]	1LFD_B_DB238A		1LFD_A_B,4G0N_A_B,3KUD_A_B,1K8R_A_B,1HE8_A_B,1GUA_A_B,1C1Y_A_B	2	4
486	1LFD	1LFD_B	P01112	RIM	['ITC', 'IAFL']	[-0.901, -0.901]	RB241A	RB41A	[3.16e-06, 4.41e-06]	[6.91e-07, 1.21e-06]	1LFD_B_RB241A		1LFD_A_B,4G0N_A_B,3KUD_A_B,1K8R_A_B,1HE8_A_B,1GUA_A_B,1C1Y_A_B	2	4
487	1LFD	1LFD_B	P01112	SUP	['ITC', 'IAFL']	[-2.301, -2.301]	YB240F	YB40F	[3.36e-05, 3.09e-05]	[6.91e-07, 1.21e-06]	1LFD_B_YB240F		1LFD_A_B,4G0N_A_B,3KUD_A_B,1K8R_A_B,1HE8_A_B,1GUA_A_B,1C1Y_A_B	2	4
488	1LFD	1LFD_B	P01112	COR	['ITC', 'IAFL']	[0.6, 0.6]	SB239A	SB39A	[2.51e-07, 2.8e-07]	[6.91e-07, 1.21e-06]	1LFD_B_SB239A		1LFD_A_B,4G0N_A_B,3KUD_A_B,1K8R_A_B,1HE8_A_B,1GUA_A_B,1C1Y_A_B	2	4
489	1LFD	1LFD_A	Q03386	INT	['ITC', 'IAFL']	[-1.0, -1.0]	HA53A	HA40A	[3.74e-06, 3.09e-05]	[6.91e-07, 1.21e-06]	1LFD_A_HA53A		1LFD_A_B,4G0N_A_B,3KUD_A_B,1K8R_A_B,1HE8_A_B,1GUA_A_B,1C1Y_A_B	2	4
490	1LFD	1LFD_A	Q03386	COR	['ITC', 'IAFL']	[-0.801, -0.801]	SA33A	SA20A	[2.67e-06, 7.18e-06]	[6.91e-07, 1.21e-06]	1LFD_A_SA33A		1LFD_A_B,4G0N_A_B,3KUD_A_B,1K8R_A_B,1HE8_A_B,1GUA_A_B,1C1Y_A_B	2	4
491	1JTG	1JTG_B	P35804	COR	['SPR', 'IASP']	[-2.341, -2.341]	WB162A	WB162A	[2.48e-07, 2e-08]	[4.77e-09, 5e-10]	1JTG_B_WB162A		1XXM_A_C,1S0W_A_C,1JTG_A_B,2G2U_A_B,2G2W_A_B,3N4I_A_B,1JTD_A_B,3QHY_A_B	1	4
492	4RS1	4RS1_A	P04141	COR	['IARA', 'IARA']	[-2.133, -2.133]	DA112A	DA92A	[6.96e-08, 3.1e-08]	[1.9e-09, 1.7e-09]	4RS1_A_DA112A		4RS1_A_B,4NKQ_C_AB	2	10
493	1MHP	1MHP_L	Not Mapped	SUR	['KinExA', 'ELISA']	[0.103, 0.103]	NL52Y	NL51Y	[7.14e-09, 8.5e-09]	[8.5e-09, 8.5e-09]	1MHP_L_NL52Y	AB/AG	AB/AG	2	4
494	1MHP	1MHP_H	Not Mapped	SUR	['KinExA', 'ELISA']	[0.073, 0.073]	KH64N	KH64N	[7.52e-09, 8.5e-09]	[8.5e-09, 8.5e-09]	1MHP_H_KH64N	AB/AG	AB/AG	2	4
495	1JTG	1JTG_A	P62593	COR	['IASP', 'IASP']	[-4.235, -4.235]	EA104K	EA79K	[1.4e-07, 1.4e-07]	[1.1e-10, 3.2e-09]	1JTG_A_EA104K		1XXM_A_C,1S0W_A_C,1JTG_A_B,2G2U_A_B,2G2W_A_B,3N4I_A_B,1JTD_A_B,3QHY_A_B	1	3
496	1LFD	1LFD_A	Q03386	RIM	['ITC', 'SFFL']	[0.902, 0.902]	DA51K	DA38K	[2.51e-07, 3.1e-07]	[1.15e-06, 1.94e-06]	1LFD_A_DA51K		1LFD_A_B,4G0N_A_B,3KUD_A_B,1K8R_A_B,1HE8_A_B,1GUA_A_B,1C1Y_A_B	1	4
497	1TM1	1TM1_I	Q40059	COR	['IASP', 'IASP']	[-2.572, -2.572]	TI58A	TI39A	[5.38e-11, 3e-10]	[7e-13, 3e-12]	1TM1_I_TI58A	Pr/PI	Pr/PI	1	5
498	1TM1	1TM1_I	Q40059	SUP	['SFFL', 'IASP']	[-2.923, -2.923]	RI67A	RI48A	[2.78e-10, 5.6e-10]	[2e-12, 3e-12]	1TM1_I_RI67A	Pr/PI	Pr/PI	1	5
499	4G0N	4G0N_B	P04049	COR	['ITC', 'ITC']	[-0.097, -0.097]	VB88A	VB35A	[9.45e-08, 6.67e-08]	[8.02e-08, 8e-08]	4G0N_B_VB88A		4G0N_A_B,3KUD_A_B,1LFD_A_B,1GUA_A_B,1C1Y_A_B,1K8R_A_B,1HE8_A_B,1E96_A_B	2	10
500	4G0N	4G0N_B	P04049	SUP	['ITC', 'IAFL']	[-1.453, -1.453]	TB68A	TB15A	[9.31e-07, 4.5e-07]	[8.02e-08, 1.18e-08]	4G0N_B_TB68A		4G0N_A_B,3KUD_A_B,1LFD_A_B,1GUA_A_B,1C1Y_A_B,1K8R_A_B,1HE8_A_B,1E96_A_B	2	10
501	4G0N	4G0N_B	P04049	COR	['ITC', 'IAFL']	[-1.646, -1.646]	QB66A	QB13A	[1.29e-06, 1.3e-06]	[8.02e-08, 1.18e-08]	4G0N_B_QB66A		4G0N_A_B,3KUD_A_B,1LFD_A_B,1GUA_A_B,1C1Y_A_B,1K8R_A_B,1HE8_A_B,1E96_A_B	2	10
502	1LFD	1LFD_A	Q03386	SUR	['ITC', 'SFFL']	[0.101, 0.101]	EA57K	EA44K	[9.69e-07, 1.2e-06]	[1.15e-06, 1.94e-06]	1LFD_A_EA57K		1LFD_A_B,4G0N_A_B,3KUD_A_B,1K8R_A_B,1HE8_A_B,1GUA_A_B,1C1Y_A_B	1	4
503	1LFD	1LFD_A	Q03386	RIM	['ITC', 'SFFL']	[0.401, 0.401]	DA56A	DA43A	[5.84e-07, 1.21e-06]	[1.15e-06, 1.94e-06]	1LFD_A_DA56A		1LFD_A_B,4G0N_A_B,3KUD_A_B,1K8R_A_B,1HE8_A_B,1GUA_A_B,1C1Y_A_B	1	4
504	1LFD	1LFD_A	Q03386	INT	['ITC', 'SFFL']	[0.0, 0.0]	LA55K	LA42K	[1.15e-06, 7.4e-07]	[1.15e-06, 1.94e-06]	1LFD_A_LA55K		1LFD_A_B,4G0N_A_B,3KUD_A_B,1K8R_A_B,1HE8_A_B,1GUA_A_B,1C1Y_A_B	1	4
505	1LFD	1LFD_A	Q03386	RIM	['ITC', 'SFFL']	[0.101, 0.101]	NA54K	NA41K	[9.69e-07, 2.7e-07]	[1.15e-06, 1.94e-06]	1LFD_A_NA54K		1LFD_A_B,4G0N_A_B,3KUD_A_B,1K8R_A_B,1HE8_A_B,1GUA_A_B,1C1Y_A_B	1	4
506	1TM1	1TM1_I	Q40059	COR	['SFFL', 'IASP']	[-2.18, -2.18]	YI61A	YI42A	[7.92e-11, 4.6e-10]	[2e-12, 3e-12]	1TM1_I_YI61A	Pr/PI	Pr/PI	1	5
507	1TM1	1TM1_I	Q40059	INT	['SFFL', 'IASP']	[-3.08, -3.08]	RI65A	RI46A	[3.62e-10, 1.7e-09]	[2e-12, 3e-12]	1TM1_I_RI65A	Pr/PI	Pr/PI	1	5
508	1KBH	1KBH_A	Q9Y6Q9	SUP	['SFFL', 'SFFL']	[-0.138, -0.138]	QA3W	QA896W	[4.29e-08, 2.96e-08]	[3.4e-08, 3.4e-08]	1KBH_A_QA3W		1KBH_A_B	2	4
